Workbook

Sheet How to use
A1: INFORM Tanzania - ADVANCED Data Collection Tool (v2, EXPLODED multi-source)
A3: This workbook is SEPARATE from the shared NORMAL tool. Here each hazard is EXPLODED into every
A4: institution that holds relevant evidence - each with its OWN cell, in its own unit.
A6: Drought = TMA (SPEI, aridity, rainfall variability) + MoA (season-failure, NDVI, soil) + MoW (water levels)
A7: Flood = TMA (>50 / >100 mm days) + MoW (river peak) + BWB (basin flood records) + PMO-DMD (events)
A8: Landslide = GST (susceptibility hotspots) + TMA (triggering rainfall)
A9: Coastal = TMA (waves, onshore wind, storm surge) + NEMC (shoreline erosion, mangrove loss)
A10: Storms / Earthquake / Heatwave / Lightning likewise.
A12: 1. Find YOUR institution's coloured columns on the "Advanced Entry" sheet (the Owner row names them).
A13: 2. Type the ACTUAL VALUE where you have it. Leave BLANK where you do not - a blank is SKIPPED.
A14: 3. "Advanced 0-10" standardises each cell (the proven INFORM pipeline, locked).
A15: 4. "Components" aggregates each basket by WEIGHTED AVERAGE over the cells PRESENT - so a missing
... A20: validated. Nothing here replaces the regional INFORM - it refines it where local data exists.

Sheet Advanced Entry
C1: Indicator | D1: SPEI-12 drought depth | E1: Aridity (P/PET) | F1: Rainfall variability (CV) | G1: Growing-season failure frequency | H1: Vegetation/biomass anomaly (NDVI z) | I1: Soil moisture | J1: Water levels (% of normal) | K1: Extreme wet days (>50 mm) | L1: Very-heavy days (>100 mm) | M1: River peak above normal | N1: Basin flood records | O1: Recorded flood impact events | P1: Landslide susceptibility | Q1: Triggering rainfall (max 5-day) | R1: Cyclone/strong-wind frequency | S1: Extreme wind speed | T1: Seismic hazard (PGA 475-yr) | U1: Historical seismicity density | V1: Significant wave height (Hs 99th pct) | W1: Extreme onshore wind | X1: Storm-surge frequency | Y1: Shoreline retreat / erosion rate | Z1: Mangrove loss (protective buffer) | AA1: Heat-health days (> 90th pct Tmax) | AB1: Flash density
C2: Owner | D2: TMA | E2: TMA | F2: TMA | G2: MoA | H2: MoA | I2: MoA | J2: MoW | K2: TMA | L2: TMA | M2: MoW | N2: BWB | O2: PMO-DMD | P2: GST | Q2: TMA | R2: TMA | S2: TMA | T2: GST | U2: GST | V2: TMA | W2: TMA | X2: TMA | Y2: NEMC | Z2: NEMC | AA2: TMA | AB2: TMA
C3: Component | D3: Drought | E3: Drought | F3: Drought | G3: Drought | H3: Drought | I3: Drought | J3: Drought | K3: Flood | L3: Flood | M3: Flood | N3: Flood | O3: Flood | P3: Landslide | Q3: Landslide | R3: Storms & Cyclone | S3: Storms & Cyclone | T3: Earthquake | U3: Earthquake | V3: Coastal hazards | W3: Coastal hazards | X3: Coastal hazards | Y3: Coastal hazards | Z3: Coastal hazards | AA3: Heatwave | AB3: Lightning
C4: Unit | D4: index | E4: ratio | F4: ratio | G4: fraction | H4: index | I4: % | J4: % | K4: days/yr | L4: days/yr | M4: m | N4: events/decade | O4: events/decade | P4: index 0-1 | Q4: mm | R4: events/decade | S4: m/s | T4: g | U4: events/100yr | V4: m | W4: m/s | X4: events/decade | Y4: m/yr | Z4: %/decade | AA4: days/yr | AB4: flashes/km2/yr
C5: Transform | D5: None | E5: None | F5: None | G5: None | H5: None | I5: None | J5: None | K5: None | L5: None | M5: None | N5: None | O5: None | P5: None | Q5: None | R5: None | S5: None | T5: None | U5: None | V5: None | W5: None | X5: None | Y5: None | Z5: None | AA5: None | AB5: None
C6: Ref Min | D6: 0 | E6: 0 | F6: 0.1 | G6: 0 | H6: -2 | I6: 0 | J6: 0 | K6: 0 | L6: 0 | M6: 0 | N6: 0 | O6: 0 | P6: 0 | Q6: 0 | R6: 0 | S6: 10 | T6: 0 | U6: 0 | V6: 0 | W6: 10 | X6: 0 | Y6: 0 | Z6: 0 | AA6: 0 | AB6: 0
C7: Ref Max | D7: 3 | E7: 0.65 | F7: 0.35 | G7: 0.5 | H7: 1 | I7: 50 | J7: 100 | K7: 20 | L7: 8 | M7: 5 | N7: 10 | O7: 10 | P7: 1 | Q7: 300 | R7: 8 | S7: 35 | T7: 0.4 | U7: 50 | V7: 4 | W7: 30 | X7: 8 | Y7: 5 | Z7: 30 | AA7: 60 | AB7: 30
C8: Direction | D8: Increase Risk | E8: Decrease Risk | F8: Increase Risk | G8: Increase Risk | H8: Decrease Risk | I8: Decrease Risk | J8: Decrease Risk | K8: Increase Risk | L8: Increase Risk | M8: Increase Risk | N8: Increase Risk | O8: Increase Risk | P8: Increase Risk | Q8: Increase Risk | R8: Increase Risk | S8: Increase Risk | T8: Increase Risk | U8: Increase Risk | V8: Increase Risk | W8: Increase Risk | X8: Increase Risk | Y8: Increase Risk | Z8: Increase Risk | AA8: Increase Risk | AB8: Increase Risk
C9: Weight | D9: 0.25 | E9: 0.15 | F9: 0.15 | G9: 0.2 | H9: 0.1 | I9: 0.1 | J9: 0.05 | K9: 0.3 | L9: 0.15 | M9: 0.2 | N9: 0.2 | O9: 0.15 | P9: 0.55 | Q9: 0.45 | R9: 0.6 | S9: 0.4 | T9: 0.7 | U9: 0.3 | V9: 0.25 | W9: 0.2 | X9: 0.2 | Y9: 0.2 | Z9: 0.15 | AA9: 1 | AB9: 1
A10: Region | B10: Council | C10: Code | D10: SPEI-12 drought depth | E10: Aridity (P/PET) | F10: Rainfall variability (CV) | G10: Growing-season failure frequency | H10: Vegetation/biomass anomaly (NDVI z) | I10: Soil moisture | J10: Water levels (% of normal) | K10: Extreme wet days (>50 mm) | L10: Very-heavy days (>100 mm) | M10: River peak above normal | N10: Basin flood records | O10: Recorded flood impact events | P10: Landslide susceptibility | Q10: Triggering rainfall (max 5-day) | R10: Cyclone/strong-wind frequency | S10: Extreme wind speed | T10: Seismic hazard (PGA 475-yr) | U10: Historical seismicity density | V10: Significant wave height (Hs 99th pct) | W10: Extreme onshore wind | X10: Storm-surge frequency | Y10: Shoreline retreat / erosion rate | Z10: Mangrove loss (protective buffer) | AA10: Heat-health days (> 90th pct Tmax) | AB10: Flash density
A11: Arusha | B11: Arusha City | C11: C015
A12: Arusha | B12: Arusha District | C12: C011
A13: Arusha | B13: Karatu District | C13: C013
A14: Arusha | B14: Longido District | C14: C012
A15: Arusha | B15: Meru District | C15: C010
A16: Arusha | B16: Monduli District | C16: C009
A17: Arusha | B17: Ngorongoro District | C17: C014
A18: Dar es Salaam | B18: Dar Es Salaam City | C18: C053
A19: Dar es Salaam | B19: Kigamboni Municipal | C19: C055
A20: Dar es Salaam | B20: Kinondoni Municipal | C20: C052
A21: Dar es Salaam | B21: Temeke Municipal | C21: C054
A22: Dar es Salaam | B22: Ubungo Municipal | C22: C056
... A205: Tanga | B205: Tanga City | C205: C028

Sheet Advanced 0-10
A10: Region | B10: Council | C10: Code | D10: SPEI-12 drought depth | E10: Aridity (P/PET) | F10: Rainfall variability (CV) | G10: Growing-season failure frequency | H10: Vegetation/biomass anomaly (NDVI z) | I10: Soil moisture | J10: Water levels (% of normal) | K10: Extreme wet days (>50 mm) | L10: Very-heavy days (>100 mm) | M10: River peak above normal | N10: Basin flood records | O10: Recorded flood impact events | P10: Landslide susceptibility | Q10: Triggering rainfall (max 5-day) | R10: Cyclone/strong-wind frequency | S10: Extreme wind speed | T10: Seismic hazard (PGA 475-yr) | U10: Historical seismicity density | V10: Significant wave height (Hs 99th pct) | W10: Extreme onshore wind | X10: Storm-surge frequency | Y10: Shoreline retreat / erosion rate | Z10: Mangrove loss (protective buffer) | AA10: Heat-health days (> 90th pct Tmax) | AB10: Flash density
A11: Arusha | B11: Arusha City | C11: C015 | D11: =IF('Advanced Entry'!D11="","",IFERROR(MAX(0,MIN(10,ROUND(IF('Advanced Entry'!D$8="Decrease Risk",10-10*((IF('Advanced Entry'!D$5="Logarithm",LN(0.001+'Advanced Entry'!D11),IF('Advanced Entry'!D$5="Exponential",EXP('Advanced Entry'!D11),'Advanced Entry'!D11)))-'Advanced Entry'!D$6)/('Advanced Entry'!D$7-'Advanced Entry'!D$6),10*((IF('Advanced Entry'!D$5="Logarithm",LN(0.001+'Advanced Entry'!D11),IF('Advanced Entry'!D$5="Exponential",EXP('Advanced Entry'!D11),'Advanced Entry'!D11)))-'Advanced Entry'!D$6)/('Advanced Entry'!D$7-'Advanced Entry'!D$6)),1))),"No data")) | E11: =IF('Advanced Entry'!E11="","",IFERROR(MAX(0,MIN(10,ROUND(IF('Advanced Entry'!E$8="Decrease Risk",10-10*((IF('Advanced Entry'!E$5="Logarithm",LN(0.001+'Advanced Entry'!E11),IF('Advanced Entry'!E$5="Exponential",EXP('Advanced Entry'!E11),'Advanced Entry'!E11)))-'Advanced Entry'!E$6)/('Advanced Entry'!E$7-'Advanced Entry'!E$6),10*((IF('Advanced Entry'!E$5="Logarithm",LN(0.001+'Advanced Entry'!E11),IF('Advanced Entry'!E$5="Exponential",EXP('Advanced Entry'!E11),'Advanced Entry'!E11)))-'Advanced Entry'!E$6)/('Advanced Entry'!E$7-'Advanced Entry'!E$6)),1))),"No data")) | F11: =IF('Advanced Entry'!F11="","",IFERROR(MAX(0,MIN(10,ROUND(IF('Advanced Entry'!F$8="Decrease Risk",10-10*((IF('Advanced Entry'!F$5="Logarithm",LN(0.001+'Advanced Entry'!F11),IF('Advanced Entry'!F$5="Exponential",EXP('Advanced Entry'!F11),'Advanced Entry'!F11)))-'Advanced Entry'!F$6)/('Advanced Entry'!F$7-'Advanced Entry'!F$6),10*((IF('Advanced Entry'!F$5="Logarithm",LN(0.001+'Advanced Entry'!F11),IF('Advanced Entry'!F$5="Exponential",EXP('Advanced Entry'!F11),'Advanced Entry'!F11)))-'Advanced Entry'!F$6)/('Advanced Entry'!F$7-'Advanced Entry'!F$6)),1))),"No data")) | G11: =IF('Advanced Entry'!G11="","",IFERROR(MAX(0,MIN(10,ROUND(IF('Advanced Entry'!G$8="Decrease Risk",10-10*((IF('Advanced Entry'!G$5="Logarithm",LN(0.001+'Advanced Entry'!G11),IF('Advanced Entry'!G$5="Exponential",EXP('Advanced Entry'!G11),'Advanced Entry'!G11)))-'Advanced Entry'!G$6)/('Advanced Entry'!G$7-'Advanced Entry'!G$6),10*((IF('Advanced Entry'!G$5="Logarithm",LN(0.001+'Advanced Entry'!G11),IF('Advanced Entry'!G$5="Exponential",EXP('Advanced Entry'!G11),'Advanced Entry'!G11)))-'Advanced Entry'!G$6)/('Advanced Entry'!G$7-'Advanced Entry'!G$6)),1))),"No data")) | H11: =IF('Advanced Entry'!H11="","",IFERROR(MAX(0,MIN(10,ROUND(IF('Advanced Entry'!H$8="Decrease Risk",10-10*((IF('Advanced Entry'!H$5="Logarithm",LN(0.001+'Advanced Entry'!H11),IF('Advanced Entry'!H$5="Exponential",EXP('Advanced Entry'!H11),'Advanced Entry'!H11)))-'Advanced Entry'!H$6)/('Advanced Entry'!H$7-'Advanced Entry'!H$6),10*((IF('Advanced Entry'!H$5="Logarithm",LN(0.001+'Advanced Entry'!H11),IF('Advanced Entry'!H$5="Exponential",EXP('Advanced Entry'!H11),'Advanced Entry'!H11)))-'Advanced Entry'!H$6)/('Advanced Entry'!H$7-'Advanced Entry'!H$6)),1))),"No data")) | I11: =IF('Advanced Entry'!I11="","",IFERROR(MAX(0,MIN(10,ROUND(IF('Advanced Entry'!I$8="Decrease Risk",10-10*((IF('Advanced Entry'!I$5="Logarithm",LN(0.001+'Advanced Entry'!I11),IF('Advanced Entry'!I$5="Exponential",EXP('Advanced Entry'!I11),'Advanced Entry'!I11)))-'Advanced Entry'!I$6)/('Advanced Entry'!I$7-'Advanced Entry'!I$6),10*((IF('Advanced Entry'!I$5="Logarithm",LN(0.001+'Advanced Entry'!I11),IF('Advanced Entry'!I$5="Exponential",EXP('Advanced Entry'!I11),'Advanced Entry'!I11)))-'Advanced Entry'!I$6)/('Advanced Entry'!I$7-'Advanced Entry'!I$6)),1))),"No data")) | J11: =IF('Advanced Entry'!J11="","",IFERROR(MAX(0,MIN(10,ROUND(IF('Advanced Entry'!J$8="Decrease Risk",10-10*((IF('Advanced Entry'!J$5="Logarithm",LN(0.001+'Advanced Entry'!J11),IF('Advanced Entry'!J$5="Exponential",EXP('Advanced Entry'!J11),'Advanced Entry'!J11)))-'Advanced Entry'!J$6)/('Advanced Entry'!J$7-'Advanced Entry'!J$6),10*((IF('Advanced Entry'!J$5="Logarithm",LN(0.001+'Advanced Entry'!J11),IF('Advanced Entry'!J$5="Exponential",EXP('Advanced Entry'!J11),'Advanced Entry'!J11)))-'Advanced Entry'!J$6)/('Advanced Entry'!J$7-'Advanced Entry'!J$6)),1))),"No data")) | K11: =IF('Advanced Entry'!K11="","",IFERROR(MAX(0,MIN(10,ROUND(IF('Advanced Entry'!K$8="Decrease Risk",10-10*((IF('Advanced Entry'!K$5="Logarithm",LN(0.001+'Advanced Entry'!K11),IF('Advanced Entry'!K$5="Exponential",EXP('Advanced Entry'!K11),'Advanced Entry'!K11)))-'Advanced Entry'!K$6)/('Advanced Entry'!K$7-'Advanced Entry'!K$6),10*((IF('Advanced Entry'!K$5="Logarithm",LN(0.001+'Advanced Entry'!K11),IF('Advanced Entry'!K$5="Exponential",EXP('Advanced Entry'!K11),'Advanced Entry'!K11)))-'Advanced Entry'!K$6)/('Advanced Entry'!K$7-'Advanced Entry'!K$6)),1))),"No data")) | ... AB11: =IF('Advanced Entry'!AB11="","",IFERROR(MAX(0,MIN(10,ROUND(IF('Advanced Entry'!AB$8="Decrease Risk",10-10*((IF('Advanced Entry'!AB$5="Logarithm",LN(0.001+'Advanced Entry'!AB11),IF('Advanced Entry'!AB$5="Exponential",EXP('Advanced Entry'!AB11),'Advanced Entry'!AB11)))-'Advanced Entry'!AB$6)/('Advanced Entry'!AB$7-'Advanced Entry'!AB$6),10*((IF('Advanced Entry'!AB$5="Logarithm",LN(0.001+'Advanced Entry'!AB11),IF('Advanced Entry'!AB$5="Exponential",EXP('Advanced Entry'!AB11),'Advanced Entry'!AB11)))-'Advanced Entry'!AB$6)/('Advanced Entry'!AB$7-'Advanced Entry'!AB$6)),1))),"No data"))
A12: Arusha | B12: Arusha District | C12: C011 | D12: =IF('Advanced Entry'!D12="","",IFERROR(MAX(0,MIN(10,ROUND(IF('Advanced Entry'!D$8="Decrease Risk",10-10*((IF('Advanced Entry'!D$5="Logarithm",LN(0.001+'Advanced Entry'!D12),IF('Advanced Entry'!D$5="Exponential",EXP('Advanced Entry'!D12),'Advanced Entry'!D12)))-'Advanced Entry'!D$6)/('Advanced Entry'!D$7-'Advanced Entry'!D$6),10*((IF('Advanced Entry'!D$5="Logarithm",LN(0.001+'Advanced Entry'!D12),IF('Advanced Entry'!D$5="Exponential",EXP('Advanced Entry'!D12),'Advanced Entry'!D12)))-'Advanced Entry'!D$6)/('Advanced Entry'!D$7-'Advanced Entry'!D$6)),1))),"No data")) | E12: =IF('Advanced Entry'!E12="","",IFERROR(MAX(0,MIN(10,ROUND(IF('Advanced Entry'!E$8="Decrease Risk",10-10*((IF('Advanced Entry'!E$5="Logarithm",LN(0.001+'Advanced Entry'!E12),IF('Advanced Entry'!E$5="Exponential",EXP('Advanced Entry'!E12),'Advanced Entry'!E12)))-'Advanced Entry'!E$6)/('Advanced Entry'!E$7-'Advanced Entry'!E$6),10*((IF('Advanced Entry'!E$5="Logarithm",LN(0.001+'Advanced Entry'!E12),IF('Advanced Entry'!E$5="Exponential",EXP('Advanced Entry'!E12),'Advanced Entry'!E12)))-'Advanced Entry'!E$6)/('Advanced Entry'!E$7-'Advanced Entry'!E$6)),1))),"No data")) | F12: =IF('Advanced Entry'!F12="","",IFERROR(MAX(0,MIN(10,ROUND(IF('Advanced Entry'!F$8="Decrease Risk",10-10*((IF('Advanced Entry'!F$5="Logarithm",LN(0.001+'Advanced Entry'!F12),IF('Advanced Entry'!F$5="Exponential",EXP('Advanced Entry'!F12),'Advanced Entry'!F12)))-'Advanced Entry'!F$6)/('Advanced Entry'!F$7-'Advanced Entry'!F$6),10*((IF('Advanced Entry'!F$5="Logarithm",LN(0.001+'Advanced Entry'!F12),IF('Advanced Entry'!F$5="Exponential",EXP('Advanced Entry'!F12),'Advanced Entry'!F12)))-'Advanced Entry'!F$6)/('Advanced Entry'!F$7-'Advanced Entry'!F$6)),1))),"No data")) | G12: =IF('Advanced Entry'!G12="","",IFERROR(MAX(0,MIN(10,ROUND(IF('Advanced Entry'!G$8="Decrease Risk",10-10*((IF('Advanced Entry'!G$5="Logarithm",LN(0.001+'Advanced Entry'!G12),IF('Advanced Entry'!G$5="Exponential",EXP('Advanced Entry'!G12),'Advanced Entry'!G12)))-'Advanced Entry'!G$6)/('Advanced Entry'!G$7-'Advanced Entry'!G$6),10*((IF('Advanced Entry'!G$5="Logarithm",LN(0.001+'Advanced Entry'!G12),IF('Advanced Entry'!G$5="Exponential",EXP('Advanced Entry'!G12),'Advanced Entry'!G12)))-'Advanced Entry'!G$6)/('Advanced Entry'!G$7-'Advanced Entry'!G$6)),1))),"No data")) | H12: =IF('Advanced Entry'!H12="","",IFERROR(MAX(0,MIN(10,ROUND(IF('Advanced Entry'!H$8="Decrease Risk",10-10*((IF('Advanced Entry'!H$5="Logarithm",LN(0.001+'Advanced Entry'!H12),IF('Advanced Entry'!H$5="Exponential",EXP('Advanced Entry'!H12),'Advanced Entry'!H12)))-'Advanced Entry'!H$6)/('Advanced Entry'!H$7-'Advanced Entry'!H$6),10*((IF('Advanced Entry'!H$5="Logarithm",LN(0.001+'Advanced Entry'!H12),IF('Advanced Entry'!H$5="Exponential",EXP('Advanced Entry'!H12),'Advanced Entry'!H12)))-'Advanced Entry'!H$6)/('Advanced Entry'!H$7-'Advanced Entry'!H$6)),1))),"No data")) | I12: =IF('Advanced Entry'!I12="","",IFERROR(MAX(0,MIN(10,ROUND(IF('Advanced Entry'!I$8="Decrease Risk",10-10*((IF('Advanced Entry'!I$5="Logarithm",LN(0.001+'Advanced Entry'!I12),IF('Advanced Entry'!I$5="Exponential",EXP('Advanced Entry'!I12),'Advanced Entry'!I12)))-'Advanced Entry'!I$6)/('Advanced Entry'!I$7-'Advanced Entry'!I$6),10*((IF('Advanced Entry'!I$5="Logarithm",LN(0.001+'Advanced Entry'!I12),IF('Advanced Entry'!I$5="Exponential",EXP('Advanced Entry'!I12),'Advanced Entry'!I12)))-'Advanced Entry'!I$6)/('Advanced Entry'!I$7-'Advanced Entry'!I$6)),1))),"No data")) | J12: =IF('Advanced Entry'!J12="","",IFERROR(MAX(0,MIN(10,ROUND(IF('Advanced Entry'!J$8="Decrease Risk",10-10*((IF('Advanced Entry'!J$5="Logarithm",LN(0.001+'Advanced Entry'!J12),IF('Advanced Entry'!J$5="Exponential",EXP('Advanced Entry'!J12),'Advanced Entry'!J12)))-'Advanced Entry'!J$6)/('Advanced Entry'!J$7-'Advanced Entry'!J$6),10*((IF('Advanced Entry'!J$5="Logarithm",LN(0.001+'Advanced Entry'!J12),IF('Advanced Entry'!J$5="Exponential",EXP('Advanced Entry'!J12),'Advanced Entry'!J12)))-'Advanced Entry'!J$6)/('Advanced Entry'!J$7-'Advanced Entry'!J$6)),1))),"No data")) | K12: =IF('Advanced Entry'!K12="","",IFERROR(MAX(0,MIN(10,ROUND(IF('Advanced Entry'!K$8="Decrease Risk",10-10*((IF('Advanced Entry'!K$5="Logarithm",LN(0.001+'Advanced Entry'!K12),IF('Advanced Entry'!K$5="Exponential",EXP('Advanced Entry'!K12),'Advanced Entry'!K12)))-'Advanced Entry'!K$6)/('Advanced Entry'!K$7-'Advanced Entry'!K$6),10*((IF('Advanced Entry'!K$5="Logarithm",LN(0.001+'Advanced Entry'!K12),IF('Advanced Entry'!K$5="Exponential",EXP('Advanced Entry'!K12),'Advanced Entry'!K12)))-'Advanced Entry'!K$6)/('Advanced Entry'!K$7-'Advanced Entry'!K$6)),1))),"No data")) | ... AB12: =IF('Advanced Entry'!AB12="","",IFERROR(MAX(0,MIN(10,ROUND(IF('Advanced Entry'!AB$8="Decrease Risk",10-10*((IF('Advanced Entry'!AB$5="Logarithm",LN(0.001+'Advanced Entry'!AB12),IF('Advanced Entry'!AB$5="Exponential",EXP('Advanced Entry'!AB12),'Advanced Entry'!AB12)))-'Advanced Entry'!AB$6)/('Advanced Entry'!AB$7-'Advanced Entry'!AB$6),10*((IF('Advanced Entry'!AB$5="Logarithm",LN(0.001+'Advanced Entry'!AB12),IF('Advanced Entry'!AB$5="Exponential",EXP('Advanced Entry'!AB12),'Advanced Entry'!AB12)))-'Advanced Entry'!AB$6)/('Advanced Entry'!AB$7-'Advanced Entry'!AB$6)),1))),"No data"))
A13: Arusha | B13: Karatu District | C13: C013 | D13: =IF('Advanced Entry'!D13="","",IFERROR(MAX(0,MIN(10,ROUND(IF('Advanced Entry'!D$8="Decrease Risk",10-10*((IF('Advanced Entry'!D$5="Logarithm",LN(0.001+'Advanced Entry'!D13),IF('Advanced Entry'!D$5="Exponential",EXP('Advanced Entry'!D13),'Advanced Entry'!D13)))-'Advanced Entry'!D$6)/('Advanced Entry'!D$7-'Advanced Entry'!D$6),10*((IF('Advanced Entry'!D$5="Logarithm",LN(0.001+'Advanced Entry'!D13),IF('Advanced Entry'!D$5="Exponential",EXP('Advanced Entry'!D13),'Advanced Entry'!D13)))-'Advanced Entry'!D$6)/('Advanced Entry'!D$7-'Advanced Entry'!D$6)),1))),"No data")) | E13: =IF('Advanced Entry'!E13="","",IFERROR(MAX(0,MIN(10,ROUND(IF('Advanced Entry'!E$8="Decrease Risk",10-10*((IF('Advanced Entry'!E$5="Logarithm",LN(0.001+'Advanced Entry'!E13),IF('Advanced Entry'!E$5="Exponential",EXP('Advanced Entry'!E13),'Advanced Entry'!E13)))-'Advanced Entry'!E$6)/('Advanced Entry'!E$7-'Advanced Entry'!E$6),10*((IF('Advanced Entry'!E$5="Logarithm",LN(0.001+'Advanced Entry'!E13),IF('Advanced Entry'!E$5="Exponential",EXP('Advanced Entry'!E13),'Advanced Entry'!E13)))-'Advanced Entry'!E$6)/('Advanced Entry'!E$7-'Advanced Entry'!E$6)),1))),"No data")) | F13: =IF('Advanced Entry'!F13="","",IFERROR(MAX(0,MIN(10,ROUND(IF('Advanced Entry'!F$8="Decrease Risk",10-10*((IF('Advanced Entry'!F$5="Logarithm",LN(0.001+'Advanced Entry'!F13),IF('Advanced Entry'!F$5="Exponential",EXP('Advanced Entry'!F13),'Advanced Entry'!F13)))-'Advanced Entry'!F$6)/('Advanced Entry'!F$7-'Advanced Entry'!F$6),10*((IF('Advanced Entry'!F$5="Logarithm",LN(0.001+'Advanced Entry'!F13),IF('Advanced Entry'!F$5="Exponential",EXP('Advanced Entry'!F13),'Advanced Entry'!F13)))-'Advanced Entry'!F$6)/('Advanced Entry'!F$7-'Advanced Entry'!F$6)),1))),"No data")) | G13: =IF('Advanced Entry'!G13="","",IFERROR(MAX(0,MIN(10,ROUND(IF('Advanced Entry'!G$8="Decrease Risk",10-10*((IF('Advanced Entry'!G$5="Logarithm",LN(0.001+'Advanced Entry'!G13),IF('Advanced Entry'!G$5="Exponential",EXP('Advanced Entry'!G13),'Advanced Entry'!G13)))-'Advanced Entry'!G$6)/('Advanced Entry'!G$7-'Advanced Entry'!G$6),10*((IF('Advanced Entry'!G$5="Logarithm",LN(0.001+'Advanced Entry'!G13),IF('Advanced Entry'!G$5="Exponential",EXP('Advanced Entry'!G13),'Advanced Entry'!G13)))-'Advanced Entry'!G$6)/('Advanced Entry'!G$7-'Advanced Entry'!G$6)),1))),"No data")) | H13: =IF('Advanced Entry'!H13="","",IFERROR(MAX(0,MIN(10,ROUND(IF('Advanced Entry'!H$8="Decrease Risk",10-10*((IF('Advanced Entry'!H$5="Logarithm",LN(0.001+'Advanced Entry'!H13),IF('Advanced Entry'!H$5="Exponential",EXP('Advanced Entry'!H13),'Advanced Entry'!H13)))-'Advanced Entry'!H$6)/('Advanced Entry'!H$7-'Advanced Entry'!H$6),10*((IF('Advanced Entry'!H$5="Logarithm",LN(0.001+'Advanced Entry'!H13),IF('Advanced Entry'!H$5="Exponential",EXP('Advanced Entry'!H13),'Advanced Entry'!H13)))-'Advanced Entry'!H$6)/('Advanced Entry'!H$7-'Advanced Entry'!H$6)),1))),"No data")) | I13: =IF('Advanced Entry'!I13="","",IFERROR(MAX(0,MIN(10,ROUND(IF('Advanced Entry'!I$8="Decrease Risk",10-10*((IF('Advanced Entry'!I$5="Logarithm",LN(0.001+'Advanced Entry'!I13),IF('Advanced Entry'!I$5="Exponential",EXP('Advanced Entry'!I13),'Advanced Entry'!I13)))-'Advanced Entry'!I$6)/('Advanced Entry'!I$7-'Advanced Entry'!I$6),10*((IF('Advanced Entry'!I$5="Logarithm",LN(0.001+'Advanced Entry'!I13),IF('Advanced Entry'!I$5="Exponential",EXP('Advanced Entry'!I13),'Advanced Entry'!I13)))-'Advanced Entry'!I$6)/('Advanced Entry'!I$7-'Advanced Entry'!I$6)),1))),"No data")) | J13: =IF('Advanced Entry'!J13="","",IFERROR(MAX(0,MIN(10,ROUND(IF('Advanced Entry'!J$8="Decrease Risk",10-10*((IF('Advanced Entry'!J$5="Logarithm",LN(0.001+'Advanced Entry'!J13),IF('Advanced Entry'!J$5="Exponential",EXP('Advanced Entry'!J13),'Advanced Entry'!J13)))-'Advanced Entry'!J$6)/('Advanced Entry'!J$7-'Advanced Entry'!J$6),10*((IF('Advanced Entry'!J$5="Logarithm",LN(0.001+'Advanced Entry'!J13),IF('Advanced Entry'!J$5="Exponential",EXP('Advanced Entry'!J13),'Advanced Entry'!J13)))-'Advanced Entry'!J$6)/('Advanced Entry'!J$7-'Advanced Entry'!J$6)),1))),"No data")) | K13: =IF('Advanced Entry'!K13="","",IFERROR(MAX(0,MIN(10,ROUND(IF('Advanced Entry'!K$8="Decrease Risk",10-10*((IF('Advanced Entry'!K$5="Logarithm",LN(0.001+'Advanced Entry'!K13),IF('Advanced Entry'!K$5="Exponential",EXP('Advanced Entry'!K13),'Advanced Entry'!K13)))-'Advanced Entry'!K$6)/('Advanced Entry'!K$7-'Advanced Entry'!K$6),10*((IF('Advanced Entry'!K$5="Logarithm",LN(0.001+'Advanced Entry'!K13),IF('Advanced Entry'!K$5="Exponential",EXP('Advanced Entry'!K13),'Advanced Entry'!K13)))-'Advanced Entry'!K$6)/('Advanced Entry'!K$7-'Advanced Entry'!K$6)),1))),"No data")) | ... AB13: =IF('Advanced Entry'!AB13="","",IFERROR(MAX(0,MIN(10,ROUND(IF('Advanced Entry'!AB$8="Decrease Risk",10-10*((IF('Advanced Entry'!AB$5="Logarithm",LN(0.001+'Advanced Entry'!AB13),IF('Advanced Entry'!AB$5="Exponential",EXP('Advanced Entry'!AB13),'Advanced Entry'!AB13)))-'Advanced Entry'!AB$6)/('Advanced Entry'!AB$7-'Advanced Entry'!AB$6),10*((IF('Advanced Entry'!AB$5="Logarithm",LN(0.001+'Advanced Entry'!AB13),IF('Advanced Entry'!AB$5="Exponential",EXP('Advanced Entry'!AB13),'Advanced Entry'!AB13)))-'Advanced Entry'!AB$6)/('Advanced Entry'!AB$7-'Advanced Entry'!AB$6)),1))),"No data"))
A14: Arusha | B14: Longido District | C14: C012 | D14: =IF('Advanced Entry'!D14="","",IFERROR(MAX(0,MIN(10,ROUND(IF('Advanced Entry'!D$8="Decrease Risk",10-10*((IF('Advanced Entry'!D$5="Logarithm",LN(0.001+'Advanced Entry'!D14),IF('Advanced Entry'!D$5="Exponential",EXP('Advanced Entry'!D14),'Advanced Entry'!D14)))-'Advanced Entry'!D$6)/('Advanced Entry'!D$7-'Advanced Entry'!D$6),10*((IF('Advanced Entry'!D$5="Logarithm",LN(0.001+'Advanced Entry'!D14),IF('Advanced Entry'!D$5="Exponential",EXP('Advanced Entry'!D14),'Advanced Entry'!D14)))-'Advanced Entry'!D$6)/('Advanced Entry'!D$7-'Advanced Entry'!D$6)),1))),"No data")) | E14: =IF('Advanced Entry'!E14="","",IFERROR(MAX(0,MIN(10,ROUND(IF('Advanced Entry'!E$8="Decrease Risk",10-10*((IF('Advanced Entry'!E$5="Logarithm",LN(0.001+'Advanced Entry'!E14),IF('Advanced Entry'!E$5="Exponential",EXP('Advanced Entry'!E14),'Advanced Entry'!E14)))-'Advanced Entry'!E$6)/('Advanced Entry'!E$7-'Advanced Entry'!E$6),10*((IF('Advanced Entry'!E$5="Logarithm",LN(0.001+'Advanced Entry'!E14),IF('Advanced Entry'!E$5="Exponential",EXP('Advanced Entry'!E14),'Advanced Entry'!E14)))-'Advanced Entry'!E$6)/('Advanced Entry'!E$7-'Advanced Entry'!E$6)),1))),"No data")) | F14: =IF('Advanced Entry'!F14="","",IFERROR(MAX(0,MIN(10,ROUND(IF('Advanced Entry'!F$8="Decrease Risk",10-10*((IF('Advanced Entry'!F$5="Logarithm",LN(0.001+'Advanced Entry'!F14),IF('Advanced Entry'!F$5="Exponential",EXP('Advanced Entry'!F14),'Advanced Entry'!F14)))-'Advanced Entry'!F$6)/('Advanced Entry'!F$7-'Advanced Entry'!F$6),10*((IF('Advanced Entry'!F$5="Logarithm",LN(0.001+'Advanced Entry'!F14),IF('Advanced Entry'!F$5="Exponential",EXP('Advanced Entry'!F14),'Advanced Entry'!F14)))-'Advanced Entry'!F$6)/('Advanced Entry'!F$7-'Advanced Entry'!F$6)),1))),"No data")) | G14: =IF('Advanced Entry'!G14="","",IFERROR(MAX(0,MIN(10,ROUND(IF('Advanced Entry'!G$8="Decrease Risk",10-10*((IF('Advanced Entry'!G$5="Logarithm",LN(0.001+'Advanced Entry'!G14),IF('Advanced Entry'!G$5="Exponential",EXP('Advanced Entry'!G14),'Advanced Entry'!G14)))-'Advanced Entry'!G$6)/('Advanced Entry'!G$7-'Advanced Entry'!G$6),10*((IF('Advanced Entry'!G$5="Logarithm",LN(0.001+'Advanced Entry'!G14),IF('Advanced Entry'!G$5="Exponential",EXP('Advanced Entry'!G14),'Advanced Entry'!G14)))-'Advanced Entry'!G$6)/('Advanced Entry'!G$7-'Advanced Entry'!G$6)),1))),"No data")) | H14: =IF('Advanced Entry'!H14="","",IFERROR(MAX(0,MIN(10,ROUND(IF('Advanced Entry'!H$8="Decrease Risk",10-10*((IF('Advanced Entry'!H$5="Logarithm",LN(0.001+'Advanced Entry'!H14),IF('Advanced Entry'!H$5="Exponential",EXP('Advanced Entry'!H14),'Advanced Entry'!H14)))-'Advanced Entry'!H$6)/('Advanced Entry'!H$7-'Advanced Entry'!H$6),10*((IF('Advanced Entry'!H$5="Logarithm",LN(0.001+'Advanced Entry'!H14),IF('Advanced Entry'!H$5="Exponential",EXP('Advanced Entry'!H14),'Advanced Entry'!H14)))-'Advanced Entry'!H$6)/('Advanced Entry'!H$7-'Advanced Entry'!H$6)),1))),"No data")) | I14: =IF('Advanced Entry'!I14="","",IFERROR(MAX(0,MIN(10,ROUND(IF('Advanced Entry'!I$8="Decrease Risk",10-10*((IF('Advanced Entry'!I$5="Logarithm",LN(0.001+'Advanced Entry'!I14),IF('Advanced Entry'!I$5="Exponential",EXP('Advanced Entry'!I14),'Advanced Entry'!I14)))-'Advanced Entry'!I$6)/('Advanced Entry'!I$7-'Advanced Entry'!I$6),10*((IF('Advanced Entry'!I$5="Logarithm",LN(0.001+'Advanced Entry'!I14),IF('Advanced Entry'!I$5="Exponential",EXP('Advanced Entry'!I14),'Advanced Entry'!I14)))-'Advanced Entry'!I$6)/('Advanced Entry'!I$7-'Advanced Entry'!I$6)),1))),"No data")) | J14: =IF('Advanced Entry'!J14="","",IFERROR(MAX(0,MIN(10,ROUND(IF('Advanced Entry'!J$8="Decrease Risk",10-10*((IF('Advanced Entry'!J$5="Logarithm",LN(0.001+'Advanced Entry'!J14),IF('Advanced Entry'!J$5="Exponential",EXP('Advanced Entry'!J14),'Advanced Entry'!J14)))-'Advanced Entry'!J$6)/('Advanced Entry'!J$7-'Advanced Entry'!J$6),10*((IF('Advanced Entry'!J$5="Logarithm",LN(0.001+'Advanced Entry'!J14),IF('Advanced Entry'!J$5="Exponential",EXP('Advanced Entry'!J14),'Advanced Entry'!J14)))-'Advanced Entry'!J$6)/('Advanced Entry'!J$7-'Advanced Entry'!J$6)),1))),"No data")) | K14: =IF('Advanced Entry'!K14="","",IFERROR(MAX(0,MIN(10,ROUND(IF('Advanced Entry'!K$8="Decrease Risk",10-10*((IF('Advanced Entry'!K$5="Logarithm",LN(0.001+'Advanced Entry'!K14),IF('Advanced Entry'!K$5="Exponential",EXP('Advanced Entry'!K14),'Advanced Entry'!K14)))-'Advanced Entry'!K$6)/('Advanced Entry'!K$7-'Advanced Entry'!K$6),10*((IF('Advanced Entry'!K$5="Logarithm",LN(0.001+'Advanced Entry'!K14),IF('Advanced Entry'!K$5="Exponential",EXP('Advanced Entry'!K14),'Advanced Entry'!K14)))-'Advanced Entry'!K$6)/('Advanced Entry'!K$7-'Advanced Entry'!K$6)),1))),"No data")) | ... AB14: =IF('Advanced Entry'!AB14="","",IFERROR(MAX(0,MIN(10,ROUND(IF('Advanced Entry'!AB$8="Decrease Risk",10-10*((IF('Advanced Entry'!AB$5="Logarithm",LN(0.001+'Advanced Entry'!AB14),IF('Advanced Entry'!AB$5="Exponential",EXP('Advanced Entry'!AB14),'Advanced Entry'!AB14)))-'Advanced Entry'!AB$6)/('Advanced Entry'!AB$7-'Advanced Entry'!AB$6),10*((IF('Advanced Entry'!AB$5="Logarithm",LN(0.001+'Advanced Entry'!AB14),IF('Advanced Entry'!AB$5="Exponential",EXP('Advanced Entry'!AB14),'Advanced Entry'!AB14)))-'Advanced Entry'!AB$6)/('Advanced Entry'!AB$7-'Advanced Entry'!AB$6)),1))),"No data"))
A15: Arusha | B15: Meru District | C15: C010 | D15: =IF('Advanced Entry'!D15="","",IFERROR(MAX(0,MIN(10,ROUND(IF('Advanced Entry'!D$8="Decrease Risk",10-10*((IF('Advanced Entry'!D$5="Logarithm",LN(0.001+'Advanced Entry'!D15),IF('Advanced Entry'!D$5="Exponential",EXP('Advanced Entry'!D15),'Advanced Entry'!D15)))-'Advanced Entry'!D$6)/('Advanced Entry'!D$7-'Advanced Entry'!D$6),10*((IF('Advanced Entry'!D$5="Logarithm",LN(0.001+'Advanced Entry'!D15),IF('Advanced Entry'!D$5="Exponential",EXP('Advanced Entry'!D15),'Advanced Entry'!D15)))-'Advanced Entry'!D$6)/('Advanced Entry'!D$7-'Advanced Entry'!D$6)),1))),"No data")) | E15: =IF('Advanced Entry'!E15="","",IFERROR(MAX(0,MIN(10,ROUND(IF('Advanced Entry'!E$8="Decrease Risk",10-10*((IF('Advanced Entry'!E$5="Logarithm",LN(0.001+'Advanced Entry'!E15),IF('Advanced Entry'!E$5="Exponential",EXP('Advanced Entry'!E15),'Advanced Entry'!E15)))-'Advanced Entry'!E$6)/('Advanced Entry'!E$7-'Advanced Entry'!E$6),10*((IF('Advanced Entry'!E$5="Logarithm",LN(0.001+'Advanced Entry'!E15),IF('Advanced Entry'!E$5="Exponential",EXP('Advanced Entry'!E15),'Advanced Entry'!E15)))-'Advanced Entry'!E$6)/('Advanced Entry'!E$7-'Advanced Entry'!E$6)),1))),"No data")) | F15: =IF('Advanced Entry'!F15="","",IFERROR(MAX(0,MIN(10,ROUND(IF('Advanced Entry'!F$8="Decrease Risk",10-10*((IF('Advanced Entry'!F$5="Logarithm",LN(0.001+'Advanced Entry'!F15),IF('Advanced Entry'!F$5="Exponential",EXP('Advanced Entry'!F15),'Advanced Entry'!F15)))-'Advanced Entry'!F$6)/('Advanced Entry'!F$7-'Advanced Entry'!F$6),10*((IF('Advanced Entry'!F$5="Logarithm",LN(0.001+'Advanced Entry'!F15),IF('Advanced Entry'!F$5="Exponential",EXP('Advanced Entry'!F15),'Advanced Entry'!F15)))-'Advanced Entry'!F$6)/('Advanced Entry'!F$7-'Advanced Entry'!F$6)),1))),"No data")) | G15: =IF('Advanced Entry'!G15="","",IFERROR(MAX(0,MIN(10,ROUND(IF('Advanced Entry'!G$8="Decrease Risk",10-10*((IF('Advanced Entry'!G$5="Logarithm",LN(0.001+'Advanced Entry'!G15),IF('Advanced Entry'!G$5="Exponential",EXP('Advanced Entry'!G15),'Advanced Entry'!G15)))-'Advanced Entry'!G$6)/('Advanced Entry'!G$7-'Advanced Entry'!G$6),10*((IF('Advanced Entry'!G$5="Logarithm",LN(0.001+'Advanced Entry'!G15),IF('Advanced Entry'!G$5="Exponential",EXP('Advanced Entry'!G15),'Advanced Entry'!G15)))-'Advanced Entry'!G$6)/('Advanced Entry'!G$7-'Advanced Entry'!G$6)),1))),"No data")) | H15: =IF('Advanced Entry'!H15="","",IFERROR(MAX(0,MIN(10,ROUND(IF('Advanced Entry'!H$8="Decrease Risk",10-10*((IF('Advanced Entry'!H$5="Logarithm",LN(0.001+'Advanced Entry'!H15),IF('Advanced Entry'!H$5="Exponential",EXP('Advanced Entry'!H15),'Advanced Entry'!H15)))-'Advanced Entry'!H$6)/('Advanced Entry'!H$7-'Advanced Entry'!H$6),10*((IF('Advanced Entry'!H$5="Logarithm",LN(0.001+'Advanced Entry'!H15),IF('Advanced Entry'!H$5="Exponential",EXP('Advanced Entry'!H15),'Advanced Entry'!H15)))-'Advanced Entry'!H$6)/('Advanced Entry'!H$7-'Advanced Entry'!H$6)),1))),"No data")) | I15: =IF('Advanced Entry'!I15="","",IFERROR(MAX(0,MIN(10,ROUND(IF('Advanced Entry'!I$8="Decrease Risk",10-10*((IF('Advanced Entry'!I$5="Logarithm",LN(0.001+'Advanced Entry'!I15),IF('Advanced Entry'!I$5="Exponential",EXP('Advanced Entry'!I15),'Advanced Entry'!I15)))-'Advanced Entry'!I$6)/('Advanced Entry'!I$7-'Advanced Entry'!I$6),10*((IF('Advanced Entry'!I$5="Logarithm",LN(0.001+'Advanced Entry'!I15),IF('Advanced Entry'!I$5="Exponential",EXP('Advanced Entry'!I15),'Advanced Entry'!I15)))-'Advanced Entry'!I$6)/('Advanced Entry'!I$7-'Advanced Entry'!I$6)),1))),"No data")) | J15: =IF('Advanced Entry'!J15="","",IFERROR(MAX(0,MIN(10,ROUND(IF('Advanced Entry'!J$8="Decrease Risk",10-10*((IF('Advanced Entry'!J$5="Logarithm",LN(0.001+'Advanced Entry'!J15),IF('Advanced Entry'!J$5="Exponential",EXP('Advanced Entry'!J15),'Advanced Entry'!J15)))-'Advanced Entry'!J$6)/('Advanced Entry'!J$7-'Advanced Entry'!J$6),10*((IF('Advanced Entry'!J$5="Logarithm",LN(0.001+'Advanced Entry'!J15),IF('Advanced Entry'!J$5="Exponential",EXP('Advanced Entry'!J15),'Advanced Entry'!J15)))-'Advanced Entry'!J$6)/('Advanced Entry'!J$7-'Advanced Entry'!J$6)),1))),"No data")) | K15: =IF('Advanced Entry'!K15="","",IFERROR(MAX(0,MIN(10,ROUND(IF('Advanced Entry'!K$8="Decrease Risk",10-10*((IF('Advanced Entry'!K$5="Logarithm",LN(0.001+'Advanced Entry'!K15),IF('Advanced Entry'!K$5="Exponential",EXP('Advanced Entry'!K15),'Advanced Entry'!K15)))-'Advanced Entry'!K$6)/('Advanced Entry'!K$7-'Advanced Entry'!K$6),10*((IF('Advanced Entry'!K$5="Logarithm",LN(0.001+'Advanced Entry'!K15),IF('Advanced Entry'!K$5="Exponential",EXP('Advanced Entry'!K15),'Advanced Entry'!K15)))-'Advanced Entry'!K$6)/('Advanced Entry'!K$7-'Advanced Entry'!K$6)),1))),"No data")) | ... AB15: =IF('Advanced Entry'!AB15="","",IFERROR(MAX(0,MIN(10,ROUND(IF('Advanced Entry'!AB$8="Decrease Risk",10-10*((IF('Advanced Entry'!AB$5="Logarithm",LN(0.001+'Advanced Entry'!AB15),IF('Advanced Entry'!AB$5="Exponential",EXP('Advanced Entry'!AB15),'Advanced Entry'!AB15)))-'Advanced Entry'!AB$6)/('Advanced Entry'!AB$7-'Advanced Entry'!AB$6),10*((IF('Advanced Entry'!AB$5="Logarithm",LN(0.001+'Advanced Entry'!AB15),IF('Advanced Entry'!AB$5="Exponential",EXP('Advanced Entry'!AB15),'Advanced Entry'!AB15)))-'Advanced Entry'!AB$6)/('Advanced Entry'!AB$7-'Advanced Entry'!AB$6)),1))),"No data"))
A16: Arusha | B16: Monduli District | C16: C009 | D16: =IF('Advanced Entry'!D16="","",IFERROR(MAX(0,MIN(10,ROUND(IF('Advanced Entry'!D$8="Decrease Risk",10-10*((IF('Advanced Entry'!D$5="Logarithm",LN(0.001+'Advanced Entry'!D16),IF('Advanced Entry'!D$5="Exponential",EXP('Advanced Entry'!D16),'Advanced Entry'!D16)))-'Advanced Entry'!D$6)/('Advanced Entry'!D$7-'Advanced Entry'!D$6),10*((IF('Advanced Entry'!D$5="Logarithm",LN(0.001+'Advanced Entry'!D16),IF('Advanced Entry'!D$5="Exponential",EXP('Advanced Entry'!D16),'Advanced Entry'!D16)))-'Advanced Entry'!D$6)/('Advanced Entry'!D$7-'Advanced Entry'!D$6)),1))),"No data")) | E16: =IF('Advanced Entry'!E16="","",IFERROR(MAX(0,MIN(10,ROUND(IF('Advanced Entry'!E$8="Decrease Risk",10-10*((IF('Advanced Entry'!E$5="Logarithm",LN(0.001+'Advanced Entry'!E16),IF('Advanced Entry'!E$5="Exponential",EXP('Advanced Entry'!E16),'Advanced Entry'!E16)))-'Advanced Entry'!E$6)/('Advanced Entry'!E$7-'Advanced Entry'!E$6),10*((IF('Advanced Entry'!E$5="Logarithm",LN(0.001+'Advanced Entry'!E16),IF('Advanced Entry'!E$5="Exponential",EXP('Advanced Entry'!E16),'Advanced Entry'!E16)))-'Advanced Entry'!E$6)/('Advanced Entry'!E$7-'Advanced Entry'!E$6)),1))),"No data")) | F16: =IF('Advanced Entry'!F16="","",IFERROR(MAX(0,MIN(10,ROUND(IF('Advanced Entry'!F$8="Decrease Risk",10-10*((IF('Advanced Entry'!F$5="Logarithm",LN(0.001+'Advanced Entry'!F16),IF('Advanced Entry'!F$5="Exponential",EXP('Advanced Entry'!F16),'Advanced Entry'!F16)))-'Advanced Entry'!F$6)/('Advanced Entry'!F$7-'Advanced Entry'!F$6),10*((IF('Advanced Entry'!F$5="Logarithm",LN(0.001+'Advanced Entry'!F16),IF('Advanced Entry'!F$5="Exponential",EXP('Advanced Entry'!F16),'Advanced Entry'!F16)))-'Advanced Entry'!F$6)/('Advanced Entry'!F$7-'Advanced Entry'!F$6)),1))),"No data")) | G16: =IF('Advanced Entry'!G16="","",IFERROR(MAX(0,MIN(10,ROUND(IF('Advanced Entry'!G$8="Decrease Risk",10-10*((IF('Advanced Entry'!G$5="Logarithm",LN(0.001+'Advanced Entry'!G16),IF('Advanced Entry'!G$5="Exponential",EXP('Advanced Entry'!G16),'Advanced Entry'!G16)))-'Advanced Entry'!G$6)/('Advanced Entry'!G$7-'Advanced Entry'!G$6),10*((IF('Advanced Entry'!G$5="Logarithm",LN(0.001+'Advanced Entry'!G16),IF('Advanced Entry'!G$5="Exponential",EXP('Advanced Entry'!G16),'Advanced Entry'!G16)))-'Advanced Entry'!G$6)/('Advanced Entry'!G$7-'Advanced Entry'!G$6)),1))),"No data")) | H16: =IF('Advanced Entry'!H16="","",IFERROR(MAX(0,MIN(10,ROUND(IF('Advanced Entry'!H$8="Decrease Risk",10-10*((IF('Advanced Entry'!H$5="Logarithm",LN(0.001+'Advanced Entry'!H16),IF('Advanced Entry'!H$5="Exponential",EXP('Advanced Entry'!H16),'Advanced Entry'!H16)))-'Advanced Entry'!H$6)/('Advanced Entry'!H$7-'Advanced Entry'!H$6),10*((IF('Advanced Entry'!H$5="Logarithm",LN(0.001+'Advanced Entry'!H16),IF('Advanced Entry'!H$5="Exponential",EXP('Advanced Entry'!H16),'Advanced Entry'!H16)))-'Advanced Entry'!H$6)/('Advanced Entry'!H$7-'Advanced Entry'!H$6)),1))),"No data")) | I16: =IF('Advanced Entry'!I16="","",IFERROR(MAX(0,MIN(10,ROUND(IF('Advanced Entry'!I$8="Decrease Risk",10-10*((IF('Advanced Entry'!I$5="Logarithm",LN(0.001+'Advanced Entry'!I16),IF('Advanced Entry'!I$5="Exponential",EXP('Advanced Entry'!I16),'Advanced Entry'!I16)))-'Advanced Entry'!I$6)/('Advanced Entry'!I$7-'Advanced Entry'!I$6),10*((IF('Advanced Entry'!I$5="Logarithm",LN(0.001+'Advanced Entry'!I16),IF('Advanced Entry'!I$5="Exponential",EXP('Advanced Entry'!I16),'Advanced Entry'!I16)))-'Advanced Entry'!I$6)/('Advanced Entry'!I$7-'Advanced Entry'!I$6)),1))),"No data")) | J16: =IF('Advanced Entry'!J16="","",IFERROR(MAX(0,MIN(10,ROUND(IF('Advanced Entry'!J$8="Decrease Risk",10-10*((IF('Advanced Entry'!J$5="Logarithm",LN(0.001+'Advanced Entry'!J16),IF('Advanced Entry'!J$5="Exponential",EXP('Advanced Entry'!J16),'Advanced Entry'!J16)))-'Advanced Entry'!J$6)/('Advanced Entry'!J$7-'Advanced Entry'!J$6),10*((IF('Advanced Entry'!J$5="Logarithm",LN(0.001+'Advanced Entry'!J16),IF('Advanced Entry'!J$5="Exponential",EXP('Advanced Entry'!J16),'Advanced Entry'!J16)))-'Advanced Entry'!J$6)/('Advanced Entry'!J$7-'Advanced Entry'!J$6)),1))),"No data")) | K16: =IF('Advanced Entry'!K16="","",IFERROR(MAX(0,MIN(10,ROUND(IF('Advanced Entry'!K$8="Decrease Risk",10-10*((IF('Advanced Entry'!K$5="Logarithm",LN(0.001+'Advanced Entry'!K16),IF('Advanced Entry'!K$5="Exponential",EXP('Advanced Entry'!K16),'Advanced Entry'!K16)))-'Advanced Entry'!K$6)/('Advanced Entry'!K$7-'Advanced Entry'!K$6),10*((IF('Advanced Entry'!K$5="Logarithm",LN(0.001+'Advanced Entry'!K16),IF('Advanced Entry'!K$5="Exponential",EXP('Advanced Entry'!K16),'Advanced Entry'!K16)))-'Advanced Entry'!K$6)/('Advanced Entry'!K$7-'Advanced Entry'!K$6)),1))),"No data")) | ... AB16: =IF('Advanced Entry'!AB16="","",IFERROR(MAX(0,MIN(10,ROUND(IF('Advanced Entry'!AB$8="Decrease Risk",10-10*((IF('Advanced Entry'!AB$5="Logarithm",LN(0.001+'Advanced Entry'!AB16),IF('Advanced Entry'!AB$5="Exponential",EXP('Advanced Entry'!AB16),'Advanced Entry'!AB16)))-'Advanced Entry'!AB$6)/('Advanced Entry'!AB$7-'Advanced Entry'!AB$6),10*((IF('Advanced Entry'!AB$5="Logarithm",LN(0.001+'Advanced Entry'!AB16),IF('Advanced Entry'!AB$5="Exponential",EXP('Advanced Entry'!AB16),'Advanced Entry'!AB16)))-'Advanced Entry'!AB$6)/('Advanced Entry'!AB$7-'Advanced Entry'!AB$6)),1))),"No data"))
A17: Arusha | B17: Ngorongoro District | C17: C014 | D17: =IF('Advanced Entry'!D17="","",IFERROR(MAX(0,MIN(10,ROUND(IF('Advanced Entry'!D$8="Decrease Risk",10-10*((IF('Advanced Entry'!D$5="Logarithm",LN(0.001+'Advanced Entry'!D17),IF('Advanced Entry'!D$5="Exponential",EXP('Advanced Entry'!D17),'Advanced Entry'!D17)))-'Advanced Entry'!D$6)/('Advanced Entry'!D$7-'Advanced Entry'!D$6),10*((IF('Advanced Entry'!D$5="Logarithm",LN(0.001+'Advanced Entry'!D17),IF('Advanced Entry'!D$5="Exponential",EXP('Advanced Entry'!D17),'Advanced Entry'!D17)))-'Advanced Entry'!D$6)/('Advanced Entry'!D$7-'Advanced Entry'!D$6)),1))),"No data")) | E17: =IF('Advanced Entry'!E17="","",IFERROR(MAX(0,MIN(10,ROUND(IF('Advanced Entry'!E$8="Decrease Risk",10-10*((IF('Advanced Entry'!E$5="Logarithm",LN(0.001+'Advanced Entry'!E17),IF('Advanced Entry'!E$5="Exponential",EXP('Advanced Entry'!E17),'Advanced Entry'!E17)))-'Advanced Entry'!E$6)/('Advanced Entry'!E$7-'Advanced Entry'!E$6),10*((IF('Advanced Entry'!E$5="Logarithm",LN(0.001+'Advanced Entry'!E17),IF('Advanced Entry'!E$5="Exponential",EXP('Advanced Entry'!E17),'Advanced Entry'!E17)))-'Advanced Entry'!E$6)/('Advanced Entry'!E$7-'Advanced Entry'!E$6)),1))),"No data")) | F17: =IF('Advanced Entry'!F17="","",IFERROR(MAX(0,MIN(10,ROUND(IF('Advanced Entry'!F$8="Decrease Risk",10-10*((IF('Advanced Entry'!F$5="Logarithm",LN(0.001+'Advanced Entry'!F17),IF('Advanced Entry'!F$5="Exponential",EXP('Advanced Entry'!F17),'Advanced Entry'!F17)))-'Advanced Entry'!F$6)/('Advanced Entry'!F$7-'Advanced Entry'!F$6),10*((IF('Advanced Entry'!F$5="Logarithm",LN(0.001+'Advanced Entry'!F17),IF('Advanced Entry'!F$5="Exponential",EXP('Advanced Entry'!F17),'Advanced Entry'!F17)))-'Advanced Entry'!F$6)/('Advanced Entry'!F$7-'Advanced Entry'!F$6)),1))),"No data")) | G17: =IF('Advanced Entry'!G17="","",IFERROR(MAX(0,MIN(10,ROUND(IF('Advanced Entry'!G$8="Decrease Risk",10-10*((IF('Advanced Entry'!G$5="Logarithm",LN(0.001+'Advanced Entry'!G17),IF('Advanced Entry'!G$5="Exponential",EXP('Advanced Entry'!G17),'Advanced Entry'!G17)))-'Advanced Entry'!G$6)/('Advanced Entry'!G$7-'Advanced Entry'!G$6),10*((IF('Advanced Entry'!G$5="Logarithm",LN(0.001+'Advanced Entry'!G17),IF('Advanced Entry'!G$5="Exponential",EXP('Advanced Entry'!G17),'Advanced Entry'!G17)))-'Advanced Entry'!G$6)/('Advanced Entry'!G$7-'Advanced Entry'!G$6)),1))),"No data")) | H17: =IF('Advanced Entry'!H17="","",IFERROR(MAX(0,MIN(10,ROUND(IF('Advanced Entry'!H$8="Decrease Risk",10-10*((IF('Advanced Entry'!H$5="Logarithm",LN(0.001+'Advanced Entry'!H17),IF('Advanced Entry'!H$5="Exponential",EXP('Advanced Entry'!H17),'Advanced Entry'!H17)))-'Advanced Entry'!H$6)/('Advanced Entry'!H$7-'Advanced Entry'!H$6),10*((IF('Advanced Entry'!H$5="Logarithm",LN(0.001+'Advanced Entry'!H17),IF('Advanced Entry'!H$5="Exponential",EXP('Advanced Entry'!H17),'Advanced Entry'!H17)))-'Advanced Entry'!H$6)/('Advanced Entry'!H$7-'Advanced Entry'!H$6)),1))),"No data")) | I17: =IF('Advanced Entry'!I17="","",IFERROR(MAX(0,MIN(10,ROUND(IF('Advanced Entry'!I$8="Decrease Risk",10-10*((IF('Advanced Entry'!I$5="Logarithm",LN(0.001+'Advanced Entry'!I17),IF('Advanced Entry'!I$5="Exponential",EXP('Advanced Entry'!I17),'Advanced Entry'!I17)))-'Advanced Entry'!I$6)/('Advanced Entry'!I$7-'Advanced Entry'!I$6),10*((IF('Advanced Entry'!I$5="Logarithm",LN(0.001+'Advanced Entry'!I17),IF('Advanced Entry'!I$5="Exponential",EXP('Advanced Entry'!I17),'Advanced Entry'!I17)))-'Advanced Entry'!I$6)/('Advanced Entry'!I$7-'Advanced Entry'!I$6)),1))),"No data")) | J17: =IF('Advanced Entry'!J17="","",IFERROR(MAX(0,MIN(10,ROUND(IF('Advanced Entry'!J$8="Decrease Risk",10-10*((IF('Advanced Entry'!J$5="Logarithm",LN(0.001+'Advanced Entry'!J17),IF('Advanced Entry'!J$5="Exponential",EXP('Advanced Entry'!J17),'Advanced Entry'!J17)))-'Advanced Entry'!J$6)/('Advanced Entry'!J$7-'Advanced Entry'!J$6),10*((IF('Advanced Entry'!J$5="Logarithm",LN(0.001+'Advanced Entry'!J17),IF('Advanced Entry'!J$5="Exponential",EXP('Advanced Entry'!J17),'Advanced Entry'!J17)))-'Advanced Entry'!J$6)/('Advanced Entry'!J$7-'Advanced Entry'!J$6)),1))),"No data")) | K17: =IF('Advanced Entry'!K17="","",IFERROR(MAX(0,MIN(10,ROUND(IF('Advanced Entry'!K$8="Decrease Risk",10-10*((IF('Advanced Entry'!K$5="Logarithm",LN(0.001+'Advanced Entry'!K17),IF('Advanced Entry'!K$5="Exponential",EXP('Advanced Entry'!K17),'Advanced Entry'!K17)))-'Advanced Entry'!K$6)/('Advanced Entry'!K$7-'Advanced Entry'!K$6),10*((IF('Advanced Entry'!K$5="Logarithm",LN(0.001+'Advanced Entry'!K17),IF('Advanced Entry'!K$5="Exponential",EXP('Advanced Entry'!K17),'Advanced Entry'!K17)))-'Advanced Entry'!K$6)/('Advanced Entry'!K$7-'Advanced Entry'!K$6)),1))),"No data")) | ... AB17: =IF('Advanced Entry'!AB17="","",IFERROR(MAX(0,MIN(10,ROUND(IF('Advanced Entry'!AB$8="Decrease Risk",10-10*((IF('Advanced Entry'!AB$5="Logarithm",LN(0.001+'Advanced Entry'!AB17),IF('Advanced Entry'!AB$5="Exponential",EXP('Advanced Entry'!AB17),'Advanced Entry'!AB17)))-'Advanced Entry'!AB$6)/('Advanced Entry'!AB$7-'Advanced Entry'!AB$6),10*((IF('Advanced Entry'!AB$5="Logarithm",LN(0.001+'Advanced Entry'!AB17),IF('Advanced Entry'!AB$5="Exponential",EXP('Advanced Entry'!AB17),'Advanced Entry'!AB17)))-'Advanced Entry'!AB$6)/('Advanced Entry'!AB$7-'Advanced Entry'!AB$6)),1))),"No data"))
A18: Dar es Salaam | B18: Dar Es Salaam City | C18: C053 | D18: =IF('Advanced Entry'!D18="","",IFERROR(MAX(0,MIN(10,ROUND(IF('Advanced Entry'!D$8="Decrease Risk",10-10*((IF('Advanced Entry'!D$5="Logarithm",LN(0.001+'Advanced Entry'!D18),IF('Advanced Entry'!D$5="Exponential",EXP('Advanced Entry'!D18),'Advanced Entry'!D18)))-'Advanced Entry'!D$6)/('Advanced Entry'!D$7-'Advanced Entry'!D$6),10*((IF('Advanced Entry'!D$5="Logarithm",LN(0.001+'Advanced Entry'!D18),IF('Advanced Entry'!D$5="Exponential",EXP('Advanced Entry'!D18),'Advanced Entry'!D18)))-'Advanced Entry'!D$6)/('Advanced Entry'!D$7-'Advanced Entry'!D$6)),1))),"No data")) | E18: =IF('Advanced Entry'!E18="","",IFERROR(MAX(0,MIN(10,ROUND(IF('Advanced Entry'!E$8="Decrease Risk",10-10*((IF('Advanced Entry'!E$5="Logarithm",LN(0.001+'Advanced Entry'!E18),IF('Advanced Entry'!E$5="Exponential",EXP('Advanced Entry'!E18),'Advanced Entry'!E18)))-'Advanced Entry'!E$6)/('Advanced Entry'!E$7-'Advanced Entry'!E$6),10*((IF('Advanced Entry'!E$5="Logarithm",LN(0.001+'Advanced Entry'!E18),IF('Advanced Entry'!E$5="Exponential",EXP('Advanced Entry'!E18),'Advanced Entry'!E18)))-'Advanced Entry'!E$6)/('Advanced Entry'!E$7-'Advanced Entry'!E$6)),1))),"No data")) | F18: =IF('Advanced Entry'!F18="","",IFERROR(MAX(0,MIN(10,ROUND(IF('Advanced Entry'!F$8="Decrease Risk",10-10*((IF('Advanced Entry'!F$5="Logarithm",LN(0.001+'Advanced Entry'!F18),IF('Advanced Entry'!F$5="Exponential",EXP('Advanced Entry'!F18),'Advanced Entry'!F18)))-'Advanced Entry'!F$6)/('Advanced Entry'!F$7-'Advanced Entry'!F$6),10*((IF('Advanced Entry'!F$5="Logarithm",LN(0.001+'Advanced Entry'!F18),IF('Advanced Entry'!F$5="Exponential",EXP('Advanced Entry'!F18),'Advanced Entry'!F18)))-'Advanced Entry'!F$6)/('Advanced Entry'!F$7-'Advanced Entry'!F$6)),1))),"No data")) | G18: =IF('Advanced Entry'!G18="","",IFERROR(MAX(0,MIN(10,ROUND(IF('Advanced Entry'!G$8="Decrease Risk",10-10*((IF('Advanced Entry'!G$5="Logarithm",LN(0.001+'Advanced Entry'!G18),IF('Advanced Entry'!G$5="Exponential",EXP('Advanced Entry'!G18),'Advanced Entry'!G18)))-'Advanced Entry'!G$6)/('Advanced Entry'!G$7-'Advanced Entry'!G$6),10*((IF('Advanced Entry'!G$5="Logarithm",LN(0.001+'Advanced Entry'!G18),IF('Advanced Entry'!G$5="Exponential",EXP('Advanced Entry'!G18),'Advanced Entry'!G18)))-'Advanced Entry'!G$6)/('Advanced Entry'!G$7-'Advanced Entry'!G$6)),1))),"No data")) | H18: =IF('Advanced Entry'!H18="","",IFERROR(MAX(0,MIN(10,ROUND(IF('Advanced Entry'!H$8="Decrease Risk",10-10*((IF('Advanced Entry'!H$5="Logarithm",LN(0.001+'Advanced Entry'!H18),IF('Advanced Entry'!H$5="Exponential",EXP('Advanced Entry'!H18),'Advanced Entry'!H18)))-'Advanced Entry'!H$6)/('Advanced Entry'!H$7-'Advanced Entry'!H$6),10*((IF('Advanced Entry'!H$5="Logarithm",LN(0.001+'Advanced Entry'!H18),IF('Advanced Entry'!H$5="Exponential",EXP('Advanced Entry'!H18),'Advanced Entry'!H18)))-'Advanced Entry'!H$6)/('Advanced Entry'!H$7-'Advanced Entry'!H$6)),1))),"No data")) | I18: =IF('Advanced Entry'!I18="","",IFERROR(MAX(0,MIN(10,ROUND(IF('Advanced Entry'!I$8="Decrease Risk",10-10*((IF('Advanced Entry'!I$5="Logarithm",LN(0.001+'Advanced Entry'!I18),IF('Advanced Entry'!I$5="Exponential",EXP('Advanced Entry'!I18),'Advanced Entry'!I18)))-'Advanced Entry'!I$6)/('Advanced Entry'!I$7-'Advanced Entry'!I$6),10*((IF('Advanced Entry'!I$5="Logarithm",LN(0.001+'Advanced Entry'!I18),IF('Advanced Entry'!I$5="Exponential",EXP('Advanced Entry'!I18),'Advanced Entry'!I18)))-'Advanced Entry'!I$6)/('Advanced Entry'!I$7-'Advanced Entry'!I$6)),1))),"No data")) | J18: =IF('Advanced Entry'!J18="","",IFERROR(MAX(0,MIN(10,ROUND(IF('Advanced Entry'!J$8="Decrease Risk",10-10*((IF('Advanced Entry'!J$5="Logarithm",LN(0.001+'Advanced Entry'!J18),IF('Advanced Entry'!J$5="Exponential",EXP('Advanced Entry'!J18),'Advanced Entry'!J18)))-'Advanced Entry'!J$6)/('Advanced Entry'!J$7-'Advanced Entry'!J$6),10*((IF('Advanced Entry'!J$5="Logarithm",LN(0.001+'Advanced Entry'!J18),IF('Advanced Entry'!J$5="Exponential",EXP('Advanced Entry'!J18),'Advanced Entry'!J18)))-'Advanced Entry'!J$6)/('Advanced Entry'!J$7-'Advanced Entry'!J$6)),1))),"No data")) | K18: =IF('Advanced Entry'!K18="","",IFERROR(MAX(0,MIN(10,ROUND(IF('Advanced Entry'!K$8="Decrease Risk",10-10*((IF('Advanced Entry'!K$5="Logarithm",LN(0.001+'Advanced Entry'!K18),IF('Advanced Entry'!K$5="Exponential",EXP('Advanced Entry'!K18),'Advanced Entry'!K18)))-'Advanced Entry'!K$6)/('Advanced Entry'!K$7-'Advanced Entry'!K$6),10*((IF('Advanced Entry'!K$5="Logarithm",LN(0.001+'Advanced Entry'!K18),IF('Advanced Entry'!K$5="Exponential",EXP('Advanced Entry'!K18),'Advanced Entry'!K18)))-'Advanced Entry'!K$6)/('Advanced Entry'!K$7-'Advanced Entry'!K$6)),1))),"No data")) | ... AB18: =IF('Advanced Entry'!AB18="","",IFERROR(MAX(0,MIN(10,ROUND(IF('Advanced Entry'!AB$8="Decrease Risk",10-10*((IF('Advanced Entry'!AB$5="Logarithm",LN(0.001+'Advanced Entry'!AB18),IF('Advanced Entry'!AB$5="Exponential",EXP('Advanced Entry'!AB18),'Advanced Entry'!AB18)))-'Advanced Entry'!AB$6)/('Advanced Entry'!AB$7-'Advanced Entry'!AB$6),10*((IF('Advanced Entry'!AB$5="Logarithm",LN(0.001+'Advanced Entry'!AB18),IF('Advanced Entry'!AB$5="Exponential",EXP('Advanced Entry'!AB18),'Advanced Entry'!AB18)))-'Advanced Entry'!AB$6)/('Advanced Entry'!AB$7-'Advanced Entry'!AB$6)),1))),"No data"))
A19: Dar es Salaam | B19: Kigamboni Municipal | C19: C055 | D19: =IF('Advanced Entry'!D19="","",IFERROR(MAX(0,MIN(10,ROUND(IF('Advanced Entry'!D$8="Decrease Risk",10-10*((IF('Advanced Entry'!D$5="Logarithm",LN(0.001+'Advanced Entry'!D19),IF('Advanced Entry'!D$5="Exponential",EXP('Advanced Entry'!D19),'Advanced Entry'!D19)))-'Advanced Entry'!D$6)/('Advanced Entry'!D$7-'Advanced Entry'!D$6),10*((IF('Advanced Entry'!D$5="Logarithm",LN(0.001+'Advanced Entry'!D19),IF('Advanced Entry'!D$5="Exponential",EXP('Advanced Entry'!D19),'Advanced Entry'!D19)))-'Advanced Entry'!D$6)/('Advanced Entry'!D$7-'Advanced Entry'!D$6)),1))),"No data")) | E19: =IF('Advanced Entry'!E19="","",IFERROR(MAX(0,MIN(10,ROUND(IF('Advanced Entry'!E$8="Decrease Risk",10-10*((IF('Advanced Entry'!E$5="Logarithm",LN(0.001+'Advanced Entry'!E19),IF('Advanced Entry'!E$5="Exponential",EXP('Advanced Entry'!E19),'Advanced Entry'!E19)))-'Advanced Entry'!E$6)/('Advanced Entry'!E$7-'Advanced Entry'!E$6),10*((IF('Advanced Entry'!E$5="Logarithm",LN(0.001+'Advanced Entry'!E19),IF('Advanced Entry'!E$5="Exponential",EXP('Advanced Entry'!E19),'Advanced Entry'!E19)))-'Advanced Entry'!E$6)/('Advanced Entry'!E$7-'Advanced Entry'!E$6)),1))),"No data")) | F19: =IF('Advanced Entry'!F19="","",IFERROR(MAX(0,MIN(10,ROUND(IF('Advanced Entry'!F$8="Decrease Risk",10-10*((IF('Advanced Entry'!F$5="Logarithm",LN(0.001+'Advanced Entry'!F19),IF('Advanced Entry'!F$5="Exponential",EXP('Advanced Entry'!F19),'Advanced Entry'!F19)))-'Advanced Entry'!F$6)/('Advanced Entry'!F$7-'Advanced Entry'!F$6),10*((IF('Advanced Entry'!F$5="Logarithm",LN(0.001+'Advanced Entry'!F19),IF('Advanced Entry'!F$5="Exponential",EXP('Advanced Entry'!F19),'Advanced Entry'!F19)))-'Advanced Entry'!F$6)/('Advanced Entry'!F$7-'Advanced Entry'!F$6)),1))),"No data")) | G19: =IF('Advanced Entry'!G19="","",IFERROR(MAX(0,MIN(10,ROUND(IF('Advanced Entry'!G$8="Decrease Risk",10-10*((IF('Advanced Entry'!G$5="Logarithm",LN(0.001+'Advanced Entry'!G19),IF('Advanced Entry'!G$5="Exponential",EXP('Advanced Entry'!G19),'Advanced Entry'!G19)))-'Advanced Entry'!G$6)/('Advanced Entry'!G$7-'Advanced Entry'!G$6),10*((IF('Advanced Entry'!G$5="Logarithm",LN(0.001+'Advanced Entry'!G19),IF('Advanced Entry'!G$5="Exponential",EXP('Advanced Entry'!G19),'Advanced Entry'!G19)))-'Advanced Entry'!G$6)/('Advanced Entry'!G$7-'Advanced Entry'!G$6)),1))),"No data")) | H19: =IF('Advanced Entry'!H19="","",IFERROR(MAX(0,MIN(10,ROUND(IF('Advanced Entry'!H$8="Decrease Risk",10-10*((IF('Advanced Entry'!H$5="Logarithm",LN(0.001+'Advanced Entry'!H19),IF('Advanced Entry'!H$5="Exponential",EXP('Advanced Entry'!H19),'Advanced Entry'!H19)))-'Advanced Entry'!H$6)/('Advanced Entry'!H$7-'Advanced Entry'!H$6),10*((IF('Advanced Entry'!H$5="Logarithm",LN(0.001+'Advanced Entry'!H19),IF('Advanced Entry'!H$5="Exponential",EXP('Advanced Entry'!H19),'Advanced Entry'!H19)))-'Advanced Entry'!H$6)/('Advanced Entry'!H$7-'Advanced Entry'!H$6)),1))),"No data")) | I19: =IF('Advanced Entry'!I19="","",IFERROR(MAX(0,MIN(10,ROUND(IF('Advanced Entry'!I$8="Decrease Risk",10-10*((IF('Advanced Entry'!I$5="Logarithm",LN(0.001+'Advanced Entry'!I19),IF('Advanced Entry'!I$5="Exponential",EXP('Advanced Entry'!I19),'Advanced Entry'!I19)))-'Advanced Entry'!I$6)/('Advanced Entry'!I$7-'Advanced Entry'!I$6),10*((IF('Advanced Entry'!I$5="Logarithm",LN(0.001+'Advanced Entry'!I19),IF('Advanced Entry'!I$5="Exponential",EXP('Advanced Entry'!I19),'Advanced Entry'!I19)))-'Advanced Entry'!I$6)/('Advanced Entry'!I$7-'Advanced Entry'!I$6)),1))),"No data")) | J19: =IF('Advanced Entry'!J19="","",IFERROR(MAX(0,MIN(10,ROUND(IF('Advanced Entry'!J$8="Decrease Risk",10-10*((IF('Advanced Entry'!J$5="Logarithm",LN(0.001+'Advanced Entry'!J19),IF('Advanced Entry'!J$5="Exponential",EXP('Advanced Entry'!J19),'Advanced Entry'!J19)))-'Advanced Entry'!J$6)/('Advanced Entry'!J$7-'Advanced Entry'!J$6),10*((IF('Advanced Entry'!J$5="Logarithm",LN(0.001+'Advanced Entry'!J19),IF('Advanced Entry'!J$5="Exponential",EXP('Advanced Entry'!J19),'Advanced Entry'!J19)))-'Advanced Entry'!J$6)/('Advanced Entry'!J$7-'Advanced Entry'!J$6)),1))),"No data")) | K19: =IF('Advanced Entry'!K19="","",IFERROR(MAX(0,MIN(10,ROUND(IF('Advanced Entry'!K$8="Decrease Risk",10-10*((IF('Advanced Entry'!K$5="Logarithm",LN(0.001+'Advanced Entry'!K19),IF('Advanced Entry'!K$5="Exponential",EXP('Advanced Entry'!K19),'Advanced Entry'!K19)))-'Advanced Entry'!K$6)/('Advanced Entry'!K$7-'Advanced Entry'!K$6),10*((IF('Advanced Entry'!K$5="Logarithm",LN(0.001+'Advanced Entry'!K19),IF('Advanced Entry'!K$5="Exponential",EXP('Advanced Entry'!K19),'Advanced Entry'!K19)))-'Advanced Entry'!K$6)/('Advanced Entry'!K$7-'Advanced Entry'!K$6)),1))),"No data")) | ... AB19: =IF('Advanced Entry'!AB19="","",IFERROR(MAX(0,MIN(10,ROUND(IF('Advanced Entry'!AB$8="Decrease Risk",10-10*((IF('Advanced Entry'!AB$5="Logarithm",LN(0.001+'Advanced Entry'!AB19),IF('Advanced Entry'!AB$5="Exponential",EXP('Advanced Entry'!AB19),'Advanced Entry'!AB19)))-'Advanced Entry'!AB$6)/('Advanced Entry'!AB$7-'Advanced Entry'!AB$6),10*((IF('Advanced Entry'!AB$5="Logarithm",LN(0.001+'Advanced Entry'!AB19),IF('Advanced Entry'!AB$5="Exponential",EXP('Advanced Entry'!AB19),'Advanced Entry'!AB19)))-'Advanced Entry'!AB$6)/('Advanced Entry'!AB$7-'Advanced Entry'!AB$6)),1))),"No data"))
A20: Dar es Salaam | B20: Kinondoni Municipal | C20: C052 | D20: =IF('Advanced Entry'!D20="","",IFERROR(MAX(0,MIN(10,ROUND(IF('Advanced Entry'!D$8="Decrease Risk",10-10*((IF('Advanced Entry'!D$5="Logarithm",LN(0.001+'Advanced Entry'!D20),IF('Advanced Entry'!D$5="Exponential",EXP('Advanced Entry'!D20),'Advanced Entry'!D20)))-'Advanced Entry'!D$6)/('Advanced Entry'!D$7-'Advanced Entry'!D$6),10*((IF('Advanced Entry'!D$5="Logarithm",LN(0.001+'Advanced Entry'!D20),IF('Advanced Entry'!D$5="Exponential",EXP('Advanced Entry'!D20),'Advanced Entry'!D20)))-'Advanced Entry'!D$6)/('Advanced Entry'!D$7-'Advanced Entry'!D$6)),1))),"No data")) | E20: =IF('Advanced Entry'!E20="","",IFERROR(MAX(0,MIN(10,ROUND(IF('Advanced Entry'!E$8="Decrease Risk",10-10*((IF('Advanced Entry'!E$5="Logarithm",LN(0.001+'Advanced Entry'!E20),IF('Advanced Entry'!E$5="Exponential",EXP('Advanced Entry'!E20),'Advanced Entry'!E20)))-'Advanced Entry'!E$6)/('Advanced Entry'!E$7-'Advanced Entry'!E$6),10*((IF('Advanced Entry'!E$5="Logarithm",LN(0.001+'Advanced Entry'!E20),IF('Advanced Entry'!E$5="Exponential",EXP('Advanced Entry'!E20),'Advanced Entry'!E20)))-'Advanced Entry'!E$6)/('Advanced Entry'!E$7-'Advanced Entry'!E$6)),1))),"No data")) | F20: =IF('Advanced Entry'!F20="","",IFERROR(MAX(0,MIN(10,ROUND(IF('Advanced Entry'!F$8="Decrease Risk",10-10*((IF('Advanced Entry'!F$5="Logarithm",LN(0.001+'Advanced Entry'!F20),IF('Advanced Entry'!F$5="Exponential",EXP('Advanced Entry'!F20),'Advanced Entry'!F20)))-'Advanced Entry'!F$6)/('Advanced Entry'!F$7-'Advanced Entry'!F$6),10*((IF('Advanced Entry'!F$5="Logarithm",LN(0.001+'Advanced Entry'!F20),IF('Advanced Entry'!F$5="Exponential",EXP('Advanced Entry'!F20),'Advanced Entry'!F20)))-'Advanced Entry'!F$6)/('Advanced Entry'!F$7-'Advanced Entry'!F$6)),1))),"No data")) | G20: =IF('Advanced Entry'!G20="","",IFERROR(MAX(0,MIN(10,ROUND(IF('Advanced Entry'!G$8="Decrease Risk",10-10*((IF('Advanced Entry'!G$5="Logarithm",LN(0.001+'Advanced Entry'!G20),IF('Advanced Entry'!G$5="Exponential",EXP('Advanced Entry'!G20),'Advanced Entry'!G20)))-'Advanced Entry'!G$6)/('Advanced Entry'!G$7-'Advanced Entry'!G$6),10*((IF('Advanced Entry'!G$5="Logarithm",LN(0.001+'Advanced Entry'!G20),IF('Advanced Entry'!G$5="Exponential",EXP('Advanced Entry'!G20),'Advanced Entry'!G20)))-'Advanced Entry'!G$6)/('Advanced Entry'!G$7-'Advanced Entry'!G$6)),1))),"No data")) | H20: =IF('Advanced Entry'!H20="","",IFERROR(MAX(0,MIN(10,ROUND(IF('Advanced Entry'!H$8="Decrease Risk",10-10*((IF('Advanced Entry'!H$5="Logarithm",LN(0.001+'Advanced Entry'!H20),IF('Advanced Entry'!H$5="Exponential",EXP('Advanced Entry'!H20),'Advanced Entry'!H20)))-'Advanced Entry'!H$6)/('Advanced Entry'!H$7-'Advanced Entry'!H$6),10*((IF('Advanced Entry'!H$5="Logarithm",LN(0.001+'Advanced Entry'!H20),IF('Advanced Entry'!H$5="Exponential",EXP('Advanced Entry'!H20),'Advanced Entry'!H20)))-'Advanced Entry'!H$6)/('Advanced Entry'!H$7-'Advanced Entry'!H$6)),1))),"No data")) | I20: =IF('Advanced Entry'!I20="","",IFERROR(MAX(0,MIN(10,ROUND(IF('Advanced Entry'!I$8="Decrease Risk",10-10*((IF('Advanced Entry'!I$5="Logarithm",LN(0.001+'Advanced Entry'!I20),IF('Advanced Entry'!I$5="Exponential",EXP('Advanced Entry'!I20),'Advanced Entry'!I20)))-'Advanced Entry'!I$6)/('Advanced Entry'!I$7-'Advanced Entry'!I$6),10*((IF('Advanced Entry'!I$5="Logarithm",LN(0.001+'Advanced Entry'!I20),IF('Advanced Entry'!I$5="Exponential",EXP('Advanced Entry'!I20),'Advanced Entry'!I20)))-'Advanced Entry'!I$6)/('Advanced Entry'!I$7-'Advanced Entry'!I$6)),1))),"No data")) | J20: =IF('Advanced Entry'!J20="","",IFERROR(MAX(0,MIN(10,ROUND(IF('Advanced Entry'!J$8="Decrease Risk",10-10*((IF('Advanced Entry'!J$5="Logarithm",LN(0.001+'Advanced Entry'!J20),IF('Advanced Entry'!J$5="Exponential",EXP('Advanced Entry'!J20),'Advanced Entry'!J20)))-'Advanced Entry'!J$6)/('Advanced Entry'!J$7-'Advanced Entry'!J$6),10*((IF('Advanced Entry'!J$5="Logarithm",LN(0.001+'Advanced Entry'!J20),IF('Advanced Entry'!J$5="Exponential",EXP('Advanced Entry'!J20),'Advanced Entry'!J20)))-'Advanced Entry'!J$6)/('Advanced Entry'!J$7-'Advanced Entry'!J$6)),1))),"No data")) | K20: =IF('Advanced Entry'!K20="","",IFERROR(MAX(0,MIN(10,ROUND(IF('Advanced Entry'!K$8="Decrease Risk",10-10*((IF('Advanced Entry'!K$5="Logarithm",LN(0.001+'Advanced Entry'!K20),IF('Advanced Entry'!K$5="Exponential",EXP('Advanced Entry'!K20),'Advanced Entry'!K20)))-'Advanced Entry'!K$6)/('Advanced Entry'!K$7-'Advanced Entry'!K$6),10*((IF('Advanced Entry'!K$5="Logarithm",LN(0.001+'Advanced Entry'!K20),IF('Advanced Entry'!K$5="Exponential",EXP('Advanced Entry'!K20),'Advanced Entry'!K20)))-'Advanced Entry'!K$6)/('Advanced Entry'!K$7-'Advanced Entry'!K$6)),1))),"No data")) | ... AB20: =IF('Advanced Entry'!AB20="","",IFERROR(MAX(0,MIN(10,ROUND(IF('Advanced Entry'!AB$8="Decrease Risk",10-10*((IF('Advanced Entry'!AB$5="Logarithm",LN(0.001+'Advanced Entry'!AB20),IF('Advanced Entry'!AB$5="Exponential",EXP('Advanced Entry'!AB20),'Advanced Entry'!AB20)))-'Advanced Entry'!AB$6)/('Advanced Entry'!AB$7-'Advanced Entry'!AB$6),10*((IF('Advanced Entry'!AB$5="Logarithm",LN(0.001+'Advanced Entry'!AB20),IF('Advanced Entry'!AB$5="Exponential",EXP('Advanced Entry'!AB20),'Advanced Entry'!AB20)))-'Advanced Entry'!AB$6)/('Advanced Entry'!AB$7-'Advanced Entry'!AB$6)),1))),"No data"))
A21: Dar es Salaam | B21: Temeke Municipal | C21: C054 | D21: =IF('Advanced Entry'!D21="","",IFERROR(MAX(0,MIN(10,ROUND(IF('Advanced Entry'!D$8="Decrease Risk",10-10*((IF('Advanced Entry'!D$5="Logarithm",LN(0.001+'Advanced Entry'!D21),IF('Advanced Entry'!D$5="Exponential",EXP('Advanced Entry'!D21),'Advanced Entry'!D21)))-'Advanced Entry'!D$6)/('Advanced Entry'!D$7-'Advanced Entry'!D$6),10*((IF('Advanced Entry'!D$5="Logarithm",LN(0.001+'Advanced Entry'!D21),IF('Advanced Entry'!D$5="Exponential",EXP('Advanced Entry'!D21),'Advanced Entry'!D21)))-'Advanced Entry'!D$6)/('Advanced Entry'!D$7-'Advanced Entry'!D$6)),1))),"No data")) | E21: =IF('Advanced Entry'!E21="","",IFERROR(MAX(0,MIN(10,ROUND(IF('Advanced Entry'!E$8="Decrease Risk",10-10*((IF('Advanced Entry'!E$5="Logarithm",LN(0.001+'Advanced Entry'!E21),IF('Advanced Entry'!E$5="Exponential",EXP('Advanced Entry'!E21),'Advanced Entry'!E21)))-'Advanced Entry'!E$6)/('Advanced Entry'!E$7-'Advanced Entry'!E$6),10*((IF('Advanced Entry'!E$5="Logarithm",LN(0.001+'Advanced Entry'!E21),IF('Advanced Entry'!E$5="Exponential",EXP('Advanced Entry'!E21),'Advanced Entry'!E21)))-'Advanced Entry'!E$6)/('Advanced Entry'!E$7-'Advanced Entry'!E$6)),1))),"No data")) | F21: =IF('Advanced Entry'!F21="","",IFERROR(MAX(0,MIN(10,ROUND(IF('Advanced Entry'!F$8="Decrease Risk",10-10*((IF('Advanced Entry'!F$5="Logarithm",LN(0.001+'Advanced Entry'!F21),IF('Advanced Entry'!F$5="Exponential",EXP('Advanced Entry'!F21),'Advanced Entry'!F21)))-'Advanced Entry'!F$6)/('Advanced Entry'!F$7-'Advanced Entry'!F$6),10*((IF('Advanced Entry'!F$5="Logarithm",LN(0.001+'Advanced Entry'!F21),IF('Advanced Entry'!F$5="Exponential",EXP('Advanced Entry'!F21),'Advanced Entry'!F21)))-'Advanced Entry'!F$6)/('Advanced Entry'!F$7-'Advanced Entry'!F$6)),1))),"No data")) | G21: =IF('Advanced Entry'!G21="","",IFERROR(MAX(0,MIN(10,ROUND(IF('Advanced Entry'!G$8="Decrease Risk",10-10*((IF('Advanced Entry'!G$5="Logarithm",LN(0.001+'Advanced Entry'!G21),IF('Advanced Entry'!G$5="Exponential",EXP('Advanced Entry'!G21),'Advanced Entry'!G21)))-'Advanced Entry'!G$6)/('Advanced Entry'!G$7-'Advanced Entry'!G$6),10*((IF('Advanced Entry'!G$5="Logarithm",LN(0.001+'Advanced Entry'!G21),IF('Advanced Entry'!G$5="Exponential",EXP('Advanced Entry'!G21),'Advanced Entry'!G21)))-'Advanced Entry'!G$6)/('Advanced Entry'!G$7-'Advanced Entry'!G$6)),1))),"No data")) | H21: =IF('Advanced Entry'!H21="","",IFERROR(MAX(0,MIN(10,ROUND(IF('Advanced Entry'!H$8="Decrease Risk",10-10*((IF('Advanced Entry'!H$5="Logarithm",LN(0.001+'Advanced Entry'!H21),IF('Advanced Entry'!H$5="Exponential",EXP('Advanced Entry'!H21),'Advanced Entry'!H21)))-'Advanced Entry'!H$6)/('Advanced Entry'!H$7-'Advanced Entry'!H$6),10*((IF('Advanced Entry'!H$5="Logarithm",LN(0.001+'Advanced Entry'!H21),IF('Advanced Entry'!H$5="Exponential",EXP('Advanced Entry'!H21),'Advanced Entry'!H21)))-'Advanced Entry'!H$6)/('Advanced Entry'!H$7-'Advanced Entry'!H$6)),1))),"No data")) | I21: =IF('Advanced Entry'!I21="","",IFERROR(MAX(0,MIN(10,ROUND(IF('Advanced Entry'!I$8="Decrease Risk",10-10*((IF('Advanced Entry'!I$5="Logarithm",LN(0.001+'Advanced Entry'!I21),IF('Advanced Entry'!I$5="Exponential",EXP('Advanced Entry'!I21),'Advanced Entry'!I21)))-'Advanced Entry'!I$6)/('Advanced Entry'!I$7-'Advanced Entry'!I$6),10*((IF('Advanced Entry'!I$5="Logarithm",LN(0.001+'Advanced Entry'!I21),IF('Advanced Entry'!I$5="Exponential",EXP('Advanced Entry'!I21),'Advanced Entry'!I21)))-'Advanced Entry'!I$6)/('Advanced Entry'!I$7-'Advanced Entry'!I$6)),1))),"No data")) | J21: =IF('Advanced Entry'!J21="","",IFERROR(MAX(0,MIN(10,ROUND(IF('Advanced Entry'!J$8="Decrease Risk",10-10*((IF('Advanced Entry'!J$5="Logarithm",LN(0.001+'Advanced Entry'!J21),IF('Advanced Entry'!J$5="Exponential",EXP('Advanced Entry'!J21),'Advanced Entry'!J21)))-'Advanced Entry'!J$6)/('Advanced Entry'!J$7-'Advanced Entry'!J$6),10*((IF('Advanced Entry'!J$5="Logarithm",LN(0.001+'Advanced Entry'!J21),IF('Advanced Entry'!J$5="Exponential",EXP('Advanced Entry'!J21),'Advanced Entry'!J21)))-'Advanced Entry'!J$6)/('Advanced Entry'!J$7-'Advanced Entry'!J$6)),1))),"No data")) | K21: =IF('Advanced Entry'!K21="","",IFERROR(MAX(0,MIN(10,ROUND(IF('Advanced Entry'!K$8="Decrease Risk",10-10*((IF('Advanced Entry'!K$5="Logarithm",LN(0.001+'Advanced Entry'!K21),IF('Advanced Entry'!K$5="Exponential",EXP('Advanced Entry'!K21),'Advanced Entry'!K21)))-'Advanced Entry'!K$6)/('Advanced Entry'!K$7-'Advanced Entry'!K$6),10*((IF('Advanced Entry'!K$5="Logarithm",LN(0.001+'Advanced Entry'!K21),IF('Advanced Entry'!K$5="Exponential",EXP('Advanced Entry'!K21),'Advanced Entry'!K21)))-'Advanced Entry'!K$6)/('Advanced Entry'!K$7-'Advanced Entry'!K$6)),1))),"No data")) | ... AB21: =IF('Advanced Entry'!AB21="","",IFERROR(MAX(0,MIN(10,ROUND(IF('Advanced Entry'!AB$8="Decrease Risk",10-10*((IF('Advanced Entry'!AB$5="Logarithm",LN(0.001+'Advanced Entry'!AB21),IF('Advanced Entry'!AB$5="Exponential",EXP('Advanced Entry'!AB21),'Advanced Entry'!AB21)))-'Advanced Entry'!AB$6)/('Advanced Entry'!AB$7-'Advanced Entry'!AB$6),10*((IF('Advanced Entry'!AB$5="Logarithm",LN(0.001+'Advanced Entry'!AB21),IF('Advanced Entry'!AB$5="Exponential",EXP('Advanced Entry'!AB21),'Advanced Entry'!AB21)))-'Advanced Entry'!AB$6)/('Advanced Entry'!AB$7-'Advanced Entry'!AB$6)),1))),"No data"))
A22: Dar es Salaam | B22: Ubungo Municipal | C22: C056 | D22: =IF('Advanced Entry'!D22="","",IFERROR(MAX(0,MIN(10,ROUND(IF('Advanced Entry'!D$8="Decrease Risk",10-10*((IF('Advanced Entry'!D$5="Logarithm",LN(0.001+'Advanced Entry'!D22),IF('Advanced Entry'!D$5="Exponential",EXP('Advanced Entry'!D22),'Advanced Entry'!D22)))-'Advanced Entry'!D$6)/('Advanced Entry'!D$7-'Advanced Entry'!D$6),10*((IF('Advanced Entry'!D$5="Logarithm",LN(0.001+'Advanced Entry'!D22),IF('Advanced Entry'!D$5="Exponential",EXP('Advanced Entry'!D22),'Advanced Entry'!D22)))-'Advanced Entry'!D$6)/('Advanced Entry'!D$7-'Advanced Entry'!D$6)),1))),"No data")) | E22: =IF('Advanced Entry'!E22="","",IFERROR(MAX(0,MIN(10,ROUND(IF('Advanced Entry'!E$8="Decrease Risk",10-10*((IF('Advanced Entry'!E$5="Logarithm",LN(0.001+'Advanced Entry'!E22),IF('Advanced Entry'!E$5="Exponential",EXP('Advanced Entry'!E22),'Advanced Entry'!E22)))-'Advanced Entry'!E$6)/('Advanced Entry'!E$7-'Advanced Entry'!E$6),10*((IF('Advanced Entry'!E$5="Logarithm",LN(0.001+'Advanced Entry'!E22),IF('Advanced Entry'!E$5="Exponential",EXP('Advanced Entry'!E22),'Advanced Entry'!E22)))-'Advanced Entry'!E$6)/('Advanced Entry'!E$7-'Advanced Entry'!E$6)),1))),"No data")) | F22: =IF('Advanced Entry'!F22="","",IFERROR(MAX(0,MIN(10,ROUND(IF('Advanced Entry'!F$8="Decrease Risk",10-10*((IF('Advanced Entry'!F$5="Logarithm",LN(0.001+'Advanced Entry'!F22),IF('Advanced Entry'!F$5="Exponential",EXP('Advanced Entry'!F22),'Advanced Entry'!F22)))-'Advanced Entry'!F$6)/('Advanced Entry'!F$7-'Advanced Entry'!F$6),10*((IF('Advanced Entry'!F$5="Logarithm",LN(0.001+'Advanced Entry'!F22),IF('Advanced Entry'!F$5="Exponential",EXP('Advanced Entry'!F22),'Advanced Entry'!F22)))-'Advanced Entry'!F$6)/('Advanced Entry'!F$7-'Advanced Entry'!F$6)),1))),"No data")) | G22: =IF('Advanced Entry'!G22="","",IFERROR(MAX(0,MIN(10,ROUND(IF('Advanced Entry'!G$8="Decrease Risk",10-10*((IF('Advanced Entry'!G$5="Logarithm",LN(0.001+'Advanced Entry'!G22),IF('Advanced Entry'!G$5="Exponential",EXP('Advanced Entry'!G22),'Advanced Entry'!G22)))-'Advanced Entry'!G$6)/('Advanced Entry'!G$7-'Advanced Entry'!G$6),10*((IF('Advanced Entry'!G$5="Logarithm",LN(0.001+'Advanced Entry'!G22),IF('Advanced Entry'!G$5="Exponential",EXP('Advanced Entry'!G22),'Advanced Entry'!G22)))-'Advanced Entry'!G$6)/('Advanced Entry'!G$7-'Advanced Entry'!G$6)),1))),"No data")) | H22: =IF('Advanced Entry'!H22="","",IFERROR(MAX(0,MIN(10,ROUND(IF('Advanced Entry'!H$8="Decrease Risk",10-10*((IF('Advanced Entry'!H$5="Logarithm",LN(0.001+'Advanced Entry'!H22),IF('Advanced Entry'!H$5="Exponential",EXP('Advanced Entry'!H22),'Advanced Entry'!H22)))-'Advanced Entry'!H$6)/('Advanced Entry'!H$7-'Advanced Entry'!H$6),10*((IF('Advanced Entry'!H$5="Logarithm",LN(0.001+'Advanced Entry'!H22),IF('Advanced Entry'!H$5="Exponential",EXP('Advanced Entry'!H22),'Advanced Entry'!H22)))-'Advanced Entry'!H$6)/('Advanced Entry'!H$7-'Advanced Entry'!H$6)),1))),"No data")) | I22: =IF('Advanced Entry'!I22="","",IFERROR(MAX(0,MIN(10,ROUND(IF('Advanced Entry'!I$8="Decrease Risk",10-10*((IF('Advanced Entry'!I$5="Logarithm",LN(0.001+'Advanced Entry'!I22),IF('Advanced Entry'!I$5="Exponential",EXP('Advanced Entry'!I22),'Advanced Entry'!I22)))-'Advanced Entry'!I$6)/('Advanced Entry'!I$7-'Advanced Entry'!I$6),10*((IF('Advanced Entry'!I$5="Logarithm",LN(0.001+'Advanced Entry'!I22),IF('Advanced Entry'!I$5="Exponential",EXP('Advanced Entry'!I22),'Advanced Entry'!I22)))-'Advanced Entry'!I$6)/('Advanced Entry'!I$7-'Advanced Entry'!I$6)),1))),"No data")) | J22: =IF('Advanced Entry'!J22="","",IFERROR(MAX(0,MIN(10,ROUND(IF('Advanced Entry'!J$8="Decrease Risk",10-10*((IF('Advanced Entry'!J$5="Logarithm",LN(0.001+'Advanced Entry'!J22),IF('Advanced Entry'!J$5="Exponential",EXP('Advanced Entry'!J22),'Advanced Entry'!J22)))-'Advanced Entry'!J$6)/('Advanced Entry'!J$7-'Advanced Entry'!J$6),10*((IF('Advanced Entry'!J$5="Logarithm",LN(0.001+'Advanced Entry'!J22),IF('Advanced Entry'!J$5="Exponential",EXP('Advanced Entry'!J22),'Advanced Entry'!J22)))-'Advanced Entry'!J$6)/('Advanced Entry'!J$7-'Advanced Entry'!J$6)),1))),"No data")) | K22: =IF('Advanced Entry'!K22="","",IFERROR(MAX(0,MIN(10,ROUND(IF('Advanced Entry'!K$8="Decrease Risk",10-10*((IF('Advanced Entry'!K$5="Logarithm",LN(0.001+'Advanced Entry'!K22),IF('Advanced Entry'!K$5="Exponential",EXP('Advanced Entry'!K22),'Advanced Entry'!K22)))-'Advanced Entry'!K$6)/('Advanced Entry'!K$7-'Advanced Entry'!K$6),10*((IF('Advanced Entry'!K$5="Logarithm",LN(0.001+'Advanced Entry'!K22),IF('Advanced Entry'!K$5="Exponential",EXP('Advanced Entry'!K22),'Advanced Entry'!K22)))-'Advanced Entry'!K$6)/('Advanced Entry'!K$7-'Advanced Entry'!K$6)),1))),"No data")) | ... AB22: =IF('Advanced Entry'!AB22="","",IFERROR(MAX(0,MIN(10,ROUND(IF('Advanced Entry'!AB$8="Decrease Risk",10-10*((IF('Advanced Entry'!AB$5="Logarithm",LN(0.001+'Advanced Entry'!AB22),IF('Advanced Entry'!AB$5="Exponential",EXP('Advanced Entry'!AB22),'Advanced Entry'!AB22)))-'Advanced Entry'!AB$6)/('Advanced Entry'!AB$7-'Advanced Entry'!AB$6),10*((IF('Advanced Entry'!AB$5="Logarithm",LN(0.001+'Advanced Entry'!AB22),IF('Advanced Entry'!AB$5="Exponential",EXP('Advanced Entry'!AB22),'Advanced Entry'!AB22)))-'Advanced Entry'!AB$6)/('Advanced Entry'!AB$7-'Advanced Entry'!AB$6)),1))),"No data"))
... A205: Tanga | B205: Tanga City | C205: C028 | D205: =IF('Advanced Entry'!D205="","",IFERROR(MAX(0,MIN(10,ROUND(IF('Advanced Entry'!D$8="Decrease Risk",10-10*((IF('Advanced Entry'!D$5="Logarithm",LN(0.001+'Advanced Entry'!D205),IF('Advanced Entry'!D$5="Exponential",EXP('Advanced Entry'!D205),'Advanced Entry'!D205)))-'Advanced Entry'!D$6)/('Advanced Entry'!D$7-'Advanced Entry'!D$6),10*((IF('Advanced Entry'!D$5="Logarithm",LN(0.001+'Advanced Entry'!D205),IF('Advanced Entry'!D$5="Exponential",EXP('Advanced Entry'!D205),'Advanced Entry'!D205)))-'Advanced Entry'!D$6)/('Advanced Entry'!D$7-'Advanced Entry'!D$6)),1))),"No data")) | E205: =IF('Advanced Entry'!E205="","",IFERROR(MAX(0,MIN(10,ROUND(IF('Advanced Entry'!E$8="Decrease Risk",10-10*((IF('Advanced Entry'!E$5="Logarithm",LN(0.001+'Advanced Entry'!E205),IF('Advanced Entry'!E$5="Exponential",EXP('Advanced Entry'!E205),'Advanced Entry'!E205)))-'Advanced Entry'!E$6)/('Advanced Entry'!E$7-'Advanced Entry'!E$6),10*((IF('Advanced Entry'!E$5="Logarithm",LN(0.001+'Advanced Entry'!E205),IF('Advanced Entry'!E$5="Exponential",EXP('Advanced Entry'!E205),'Advanced Entry'!E205)))-'Advanced Entry'!E$6)/('Advanced Entry'!E$7-'Advanced Entry'!E$6)),1))),"No data")) | F205: =IF('Advanced Entry'!F205="","",IFERROR(MAX(0,MIN(10,ROUND(IF('Advanced Entry'!F$8="Decrease Risk",10-10*((IF('Advanced Entry'!F$5="Logarithm",LN(0.001+'Advanced Entry'!F205),IF('Advanced Entry'!F$5="Exponential",EXP('Advanced Entry'!F205),'Advanced Entry'!F205)))-'Advanced Entry'!F$6)/('Advanced Entry'!F$7-'Advanced Entry'!F$6),10*((IF('Advanced Entry'!F$5="Logarithm",LN(0.001+'Advanced Entry'!F205),IF('Advanced Entry'!F$5="Exponential",EXP('Advanced Entry'!F205),'Advanced Entry'!F205)))-'Advanced Entry'!F$6)/('Advanced Entry'!F$7-'Advanced Entry'!F$6)),1))),"No data")) | G205: =IF('Advanced Entry'!G205="","",IFERROR(MAX(0,MIN(10,ROUND(IF('Advanced Entry'!G$8="Decrease Risk",10-10*((IF('Advanced Entry'!G$5="Logarithm",LN(0.001+'Advanced Entry'!G205),IF('Advanced Entry'!G$5="Exponential",EXP('Advanced Entry'!G205),'Advanced Entry'!G205)))-'Advanced Entry'!G$6)/('Advanced Entry'!G$7-'Advanced Entry'!G$6),10*((IF('Advanced Entry'!G$5="Logarithm",LN(0.001+'Advanced Entry'!G205),IF('Advanced Entry'!G$5="Exponential",EXP('Advanced Entry'!G205),'Advanced Entry'!G205)))-'Advanced Entry'!G$6)/('Advanced Entry'!G$7-'Advanced Entry'!G$6)),1))),"No data")) | H205: =IF('Advanced Entry'!H205="","",IFERROR(MAX(0,MIN(10,ROUND(IF('Advanced Entry'!H$8="Decrease Risk",10-10*((IF('Advanced Entry'!H$5="Logarithm",LN(0.001+'Advanced Entry'!H205),IF('Advanced Entry'!H$5="Exponential",EXP('Advanced Entry'!H205),'Advanced Entry'!H205)))-'Advanced Entry'!H$6)/('Advanced Entry'!H$7-'Advanced Entry'!H$6),10*((IF('Advanced Entry'!H$5="Logarithm",LN(0.001+'Advanced Entry'!H205),IF('Advanced Entry'!H$5="Exponential",EXP('Advanced Entry'!H205),'Advanced Entry'!H205)))-'Advanced Entry'!H$6)/('Advanced Entry'!H$7-'Advanced Entry'!H$6)),1))),"No data")) | I205: =IF('Advanced Entry'!I205="","",IFERROR(MAX(0,MIN(10,ROUND(IF('Advanced Entry'!I$8="Decrease Risk",10-10*((IF('Advanced Entry'!I$5="Logarithm",LN(0.001+'Advanced Entry'!I205),IF('Advanced Entry'!I$5="Exponential",EXP('Advanced Entry'!I205),'Advanced Entry'!I205)))-'Advanced Entry'!I$6)/('Advanced Entry'!I$7-'Advanced Entry'!I$6),10*((IF('Advanced Entry'!I$5="Logarithm",LN(0.001+'Advanced Entry'!I205),IF('Advanced Entry'!I$5="Exponential",EXP('Advanced Entry'!I205),'Advanced Entry'!I205)))-'Advanced Entry'!I$6)/('Advanced Entry'!I$7-'Advanced Entry'!I$6)),1))),"No data")) | J205: =IF('Advanced Entry'!J205="","",IFERROR(MAX(0,MIN(10,ROUND(IF('Advanced Entry'!J$8="Decrease Risk",10-10*((IF('Advanced Entry'!J$5="Logarithm",LN(0.001+'Advanced Entry'!J205),IF('Advanced Entry'!J$5="Exponential",EXP('Advanced Entry'!J205),'Advanced Entry'!J205)))-'Advanced Entry'!J$6)/('Advanced Entry'!J$7-'Advanced Entry'!J$6),10*((IF('Advanced Entry'!J$5="Logarithm",LN(0.001+'Advanced Entry'!J205),IF('Advanced Entry'!J$5="Exponential",EXP('Advanced Entry'!J205),'Advanced Entry'!J205)))-'Advanced Entry'!J$6)/('Advanced Entry'!J$7-'Advanced Entry'!J$6)),1))),"No data")) | K205: =IF('Advanced Entry'!K205="","",IFERROR(MAX(0,MIN(10,ROUND(IF('Advanced Entry'!K$8="Decrease Risk",10-10*((IF('Advanced Entry'!K$5="Logarithm",LN(0.001+'Advanced Entry'!K205),IF('Advanced Entry'!K$5="Exponential",EXP('Advanced Entry'!K205),'Advanced Entry'!K205)))-'Advanced Entry'!K$6)/('Advanced Entry'!K$7-'Advanced Entry'!K$6),10*((IF('Advanced Entry'!K$5="Logarithm",LN(0.001+'Advanced Entry'!K205),IF('Advanced Entry'!K$5="Exponential",EXP('Advanced Entry'!K205),'Advanced Entry'!K205)))-'Advanced Entry'!K$6)/('Advanced Entry'!K$7-'Advanced Entry'!K$6)),1))),"No data")) | ... AB205: =IF('Advanced Entry'!AB205="","",IFERROR(MAX(0,MIN(10,ROUND(IF('Advanced Entry'!AB$8="Decrease Risk",10-10*((IF('Advanced Entry'!AB$5="Logarithm",LN(0.001+'Advanced Entry'!AB205),IF('Advanced Entry'!AB$5="Exponential",EXP('Advanced Entry'!AB205),'Advanced Entry'!AB205)))-'Advanced Entry'!AB$6)/('Advanced Entry'!AB$7-'Advanced Entry'!AB$6),10*((IF('Advanced Entry'!AB$5="Logarithm",LN(0.001+'Advanced Entry'!AB205),IF('Advanced Entry'!AB$5="Exponential",EXP('Advanced Entry'!AB205),'Advanced Entry'!AB205)))-'Advanced Entry'!AB$6)/('Advanced Entry'!AB$7-'Advanced Entry'!AB$6)),1))),"No data"))

Sheet Components
A10: Region | B10: Council | C10: Code | D10: Drought | E10: Flood | F10: Landslide | G10: Storms & Cyclone | H10: Earthquake | I10: Coastal hazards | J10: Heatwave | K10: Lightning | L10: Natural (advanced)
A11: Arusha | B11: Arusha City | C11: C015 | D11: =IF(SUMPRODUCT(ISNUMBER('Advanced 0-10'!D11:J11)*'Advanced Entry'!D$9:J$9)=0,"",ROUND(SUMPRODUCT(IFERROR('Advanced 0-10'!D11:J11*1,0)*'Advanced Entry'!D$9:J$9)/SUMPRODUCT(ISNUMBER('Advanced 0-10'!D11:J11)*'Advanced Entry'!D$9:J$9),1)) | E11: =IF(SUMPRODUCT(ISNUMBER('Advanced 0-10'!K11:O11)*'Advanced Entry'!K$9:O$9)=0,"",ROUND(SUMPRODUCT(IFERROR('Advanced 0-10'!K11:O11*1,0)*'Advanced Entry'!K$9:O$9)/SUMPRODUCT(ISNUMBER('Advanced 0-10'!K11:O11)*'Advanced Entry'!K$9:O$9),1)) | F11: =IF(SUMPRODUCT(ISNUMBER('Advanced 0-10'!P11:Q11)*'Advanced Entry'!P$9:Q$9)=0,"",ROUND(SUMPRODUCT(IFERROR('Advanced 0-10'!P11:Q11*1,0)*'Advanced Entry'!P$9:Q$9)/SUMPRODUCT(ISNUMBER('Advanced 0-10'!P11:Q11)*'Advanced Entry'!P$9:Q$9),1)) | G11: =IF(SUMPRODUCT(ISNUMBER('Advanced 0-10'!R11:S11)*'Advanced Entry'!R$9:S$9)=0,"",ROUND(SUMPRODUCT(IFERROR('Advanced 0-10'!R11:S11*1,0)*'Advanced Entry'!R$9:S$9)/SUMPRODUCT(ISNUMBER('Advanced 0-10'!R11:S11)*'Advanced Entry'!R$9:S$9),1)) | H11: =IF(SUMPRODUCT(ISNUMBER('Advanced 0-10'!T11:U11)*'Advanced Entry'!T$9:U$9)=0,"",ROUND(SUMPRODUCT(IFERROR('Advanced 0-10'!T11:U11*1,0)*'Advanced Entry'!T$9:U$9)/SUMPRODUCT(ISNUMBER('Advanced 0-10'!T11:U11)*'Advanced Entry'!T$9:U$9),1)) | I11: =IF(SUMPRODUCT(ISNUMBER('Advanced 0-10'!V11:Z11)*'Advanced Entry'!V$9:Z$9)=0,"",ROUND(SUMPRODUCT(IFERROR('Advanced 0-10'!V11:Z11*1,0)*'Advanced Entry'!V$9:Z$9)/SUMPRODUCT(ISNUMBER('Advanced 0-10'!V11:Z11)*'Advanced Entry'!V$9:Z$9),1)) | J11: =IF(SUMPRODUCT(ISNUMBER('Advanced 0-10'!AA11:AA11)*'Advanced Entry'!AA$9:AA$9)=0,"",ROUND(SUMPRODUCT(IFERROR('Advanced 0-10'!AA11:AA11*1,0)*'Advanced Entry'!AA$9:AA$9)/SUMPRODUCT(ISNUMBER('Advanced 0-10'!AA11:AA11)*'Advanced Entry'!AA$9:AA$9),1)) | K11: =IF(SUMPRODUCT(ISNUMBER('Advanced 0-10'!AB11:AB11)*'Advanced Entry'!AB$9:AB$9)=0,"",ROUND(SUMPRODUCT(IFERROR('Advanced 0-10'!AB11:AB11*1,0)*'Advanced Entry'!AB$9:AB$9)/SUMPRODUCT(ISNUMBER('Advanced 0-10'!AB11:AB11)*'Advanced Entry'!AB$9:AB$9),1)) | L11: =IF(SUMPRODUCT(--ISNUMBER(D11:K11))=0,"",ROUND(SUMPRODUCT(IFERROR(D11:K11*1,0))/SUMPRODUCT(--ISNUMBER(D11:K11)),1))
A12: Arusha | B12: Arusha District | C12: C011 | D12: =IF(SUMPRODUCT(ISNUMBER('Advanced 0-10'!D12:J12)*'Advanced Entry'!D$9:J$9)=0,"",ROUND(SUMPRODUCT(IFERROR('Advanced 0-10'!D12:J12*1,0)*'Advanced Entry'!D$9:J$9)/SUMPRODUCT(ISNUMBER('Advanced 0-10'!D12:J12)*'Advanced Entry'!D$9:J$9),1)) | E12: =IF(SUMPRODUCT(ISNUMBER('Advanced 0-10'!K12:O12)*'Advanced Entry'!K$9:O$9)=0,"",ROUND(SUMPRODUCT(IFERROR('Advanced 0-10'!K12:O12*1,0)*'Advanced Entry'!K$9:O$9)/SUMPRODUCT(ISNUMBER('Advanced 0-10'!K12:O12)*'Advanced Entry'!K$9:O$9),1)) | F12: =IF(SUMPRODUCT(ISNUMBER('Advanced 0-10'!P12:Q12)*'Advanced Entry'!P$9:Q$9)=0,"",ROUND(SUMPRODUCT(IFERROR('Advanced 0-10'!P12:Q12*1,0)*'Advanced Entry'!P$9:Q$9)/SUMPRODUCT(ISNUMBER('Advanced 0-10'!P12:Q12)*'Advanced Entry'!P$9:Q$9),1)) | G12: =IF(SUMPRODUCT(ISNUMBER('Advanced 0-10'!R12:S12)*'Advanced Entry'!R$9:S$9)=0,"",ROUND(SUMPRODUCT(IFERROR('Advanced 0-10'!R12:S12*1,0)*'Advanced Entry'!R$9:S$9)/SUMPRODUCT(ISNUMBER('Advanced 0-10'!R12:S12)*'Advanced Entry'!R$9:S$9),1)) | H12: =IF(SUMPRODUCT(ISNUMBER('Advanced 0-10'!T12:U12)*'Advanced Entry'!T$9:U$9)=0,"",ROUND(SUMPRODUCT(IFERROR('Advanced 0-10'!T12:U12*1,0)*'Advanced Entry'!T$9:U$9)/SUMPRODUCT(ISNUMBER('Advanced 0-10'!T12:U12)*'Advanced Entry'!T$9:U$9),1)) | I12: =IF(SUMPRODUCT(ISNUMBER('Advanced 0-10'!V12:Z12)*'Advanced Entry'!V$9:Z$9)=0,"",ROUND(SUMPRODUCT(IFERROR('Advanced 0-10'!V12:Z12*1,0)*'Advanced Entry'!V$9:Z$9)/SUMPRODUCT(ISNUMBER('Advanced 0-10'!V12:Z12)*'Advanced Entry'!V$9:Z$9),1)) | J12: =IF(SUMPRODUCT(ISNUMBER('Advanced 0-10'!AA12:AA12)*'Advanced Entry'!AA$9:AA$9)=0,"",ROUND(SUMPRODUCT(IFERROR('Advanced 0-10'!AA12:AA12*1,0)*'Advanced Entry'!AA$9:AA$9)/SUMPRODUCT(ISNUMBER('Advanced 0-10'!AA12:AA12)*'Advanced Entry'!AA$9:AA$9),1)) | K12: =IF(SUMPRODUCT(ISNUMBER('Advanced 0-10'!AB12:AB12)*'Advanced Entry'!AB$9:AB$9)=0,"",ROUND(SUMPRODUCT(IFERROR('Advanced 0-10'!AB12:AB12*1,0)*'Advanced Entry'!AB$9:AB$9)/SUMPRODUCT(ISNUMBER('Advanced 0-10'!AB12:AB12)*'Advanced Entry'!AB$9:AB$9),1)) | L12: =IF(SUMPRODUCT(--ISNUMBER(D12:K12))=0,"",ROUND(SUMPRODUCT(IFERROR(D12:K12*1,0))/SUMPRODUCT(--ISNUMBER(D12:K12)),1))
A13: Arusha | B13: Karatu District | C13: C013 | D13: =IF(SUMPRODUCT(ISNUMBER('Advanced 0-10'!D13:J13)*'Advanced Entry'!D$9:J$9)=0,"",ROUND(SUMPRODUCT(IFERROR('Advanced 0-10'!D13:J13*1,0)*'Advanced Entry'!D$9:J$9)/SUMPRODUCT(ISNUMBER('Advanced 0-10'!D13:J13)*'Advanced Entry'!D$9:J$9),1)) | E13: =IF(SUMPRODUCT(ISNUMBER('Advanced 0-10'!K13:O13)*'Advanced Entry'!K$9:O$9)=0,"",ROUND(SUMPRODUCT(IFERROR('Advanced 0-10'!K13:O13*1,0)*'Advanced Entry'!K$9:O$9)/SUMPRODUCT(ISNUMBER('Advanced 0-10'!K13:O13)*'Advanced Entry'!K$9:O$9),1)) | F13: =IF(SUMPRODUCT(ISNUMBER('Advanced 0-10'!P13:Q13)*'Advanced Entry'!P$9:Q$9)=0,"",ROUND(SUMPRODUCT(IFERROR('Advanced 0-10'!P13:Q13*1,0)*'Advanced Entry'!P$9:Q$9)/SUMPRODUCT(ISNUMBER('Advanced 0-10'!P13:Q13)*'Advanced Entry'!P$9:Q$9),1)) | G13: =IF(SUMPRODUCT(ISNUMBER('Advanced 0-10'!R13:S13)*'Advanced Entry'!R$9:S$9)=0,"",ROUND(SUMPRODUCT(IFERROR('Advanced 0-10'!R13:S13*1,0)*'Advanced Entry'!R$9:S$9)/SUMPRODUCT(ISNUMBER('Advanced 0-10'!R13:S13)*'Advanced Entry'!R$9:S$9),1)) | H13: =IF(SUMPRODUCT(ISNUMBER('Advanced 0-10'!T13:U13)*'Advanced Entry'!T$9:U$9)=0,"",ROUND(SUMPRODUCT(IFERROR('Advanced 0-10'!T13:U13*1,0)*'Advanced Entry'!T$9:U$9)/SUMPRODUCT(ISNUMBER('Advanced 0-10'!T13:U13)*'Advanced Entry'!T$9:U$9),1)) | I13: =IF(SUMPRODUCT(ISNUMBER('Advanced 0-10'!V13:Z13)*'Advanced Entry'!V$9:Z$9)=0,"",ROUND(SUMPRODUCT(IFERROR('Advanced 0-10'!V13:Z13*1,0)*'Advanced Entry'!V$9:Z$9)/SUMPRODUCT(ISNUMBER('Advanced 0-10'!V13:Z13)*'Advanced Entry'!V$9:Z$9),1)) | J13: =IF(SUMPRODUCT(ISNUMBER('Advanced 0-10'!AA13:AA13)*'Advanced Entry'!AA$9:AA$9)=0,"",ROUND(SUMPRODUCT(IFERROR('Advanced 0-10'!AA13:AA13*1,0)*'Advanced Entry'!AA$9:AA$9)/SUMPRODUCT(ISNUMBER('Advanced 0-10'!AA13:AA13)*'Advanced Entry'!AA$9:AA$9),1)) | K13: =IF(SUMPRODUCT(ISNUMBER('Advanced 0-10'!AB13:AB13)*'Advanced Entry'!AB$9:AB$9)=0,"",ROUND(SUMPRODUCT(IFERROR('Advanced 0-10'!AB13:AB13*1,0)*'Advanced Entry'!AB$9:AB$9)/SUMPRODUCT(ISNUMBER('Advanced 0-10'!AB13:AB13)*'Advanced Entry'!AB$9:AB$9),1)) | L13: =IF(SUMPRODUCT(--ISNUMBER(D13:K13))=0,"",ROUND(SUMPRODUCT(IFERROR(D13:K13*1,0))/SUMPRODUCT(--ISNUMBER(D13:K13)),1))
A14: Arusha | B14: Longido District | C14: C012 | D14: =IF(SUMPRODUCT(ISNUMBER('Advanced 0-10'!D14:J14)*'Advanced Entry'!D$9:J$9)=0,"",ROUND(SUMPRODUCT(IFERROR('Advanced 0-10'!D14:J14*1,0)*'Advanced Entry'!D$9:J$9)/SUMPRODUCT(ISNUMBER('Advanced 0-10'!D14:J14)*'Advanced Entry'!D$9:J$9),1)) | E14: =IF(SUMPRODUCT(ISNUMBER('Advanced 0-10'!K14:O14)*'Advanced Entry'!K$9:O$9)=0,"",ROUND(SUMPRODUCT(IFERROR('Advanced 0-10'!K14:O14*1,0)*'Advanced Entry'!K$9:O$9)/SUMPRODUCT(ISNUMBER('Advanced 0-10'!K14:O14)*'Advanced Entry'!K$9:O$9),1)) | F14: =IF(SUMPRODUCT(ISNUMBER('Advanced 0-10'!P14:Q14)*'Advanced Entry'!P$9:Q$9)=0,"",ROUND(SUMPRODUCT(IFERROR('Advanced 0-10'!P14:Q14*1,0)*'Advanced Entry'!P$9:Q$9)/SUMPRODUCT(ISNUMBER('Advanced 0-10'!P14:Q14)*'Advanced Entry'!P$9:Q$9),1)) | G14: =IF(SUMPRODUCT(ISNUMBER('Advanced 0-10'!R14:S14)*'Advanced Entry'!R$9:S$9)=0,"",ROUND(SUMPRODUCT(IFERROR('Advanced 0-10'!R14:S14*1,0)*'Advanced Entry'!R$9:S$9)/SUMPRODUCT(ISNUMBER('Advanced 0-10'!R14:S14)*'Advanced Entry'!R$9:S$9),1)) | H14: =IF(SUMPRODUCT(ISNUMBER('Advanced 0-10'!T14:U14)*'Advanced Entry'!T$9:U$9)=0,"",ROUND(SUMPRODUCT(IFERROR('Advanced 0-10'!T14:U14*1,0)*'Advanced Entry'!T$9:U$9)/SUMPRODUCT(ISNUMBER('Advanced 0-10'!T14:U14)*'Advanced Entry'!T$9:U$9),1)) | I14: =IF(SUMPRODUCT(ISNUMBER('Advanced 0-10'!V14:Z14)*'Advanced Entry'!V$9:Z$9)=0,"",ROUND(SUMPRODUCT(IFERROR('Advanced 0-10'!V14:Z14*1,0)*'Advanced Entry'!V$9:Z$9)/SUMPRODUCT(ISNUMBER('Advanced 0-10'!V14:Z14)*'Advanced Entry'!V$9:Z$9),1)) | J14: =IF(SUMPRODUCT(ISNUMBER('Advanced 0-10'!AA14:AA14)*'Advanced Entry'!AA$9:AA$9)=0,"",ROUND(SUMPRODUCT(IFERROR('Advanced 0-10'!AA14:AA14*1,0)*'Advanced Entry'!AA$9:AA$9)/SUMPRODUCT(ISNUMBER('Advanced 0-10'!AA14:AA14)*'Advanced Entry'!AA$9:AA$9),1)) | K14: =IF(SUMPRODUCT(ISNUMBER('Advanced 0-10'!AB14:AB14)*'Advanced Entry'!AB$9:AB$9)=0,"",ROUND(SUMPRODUCT(IFERROR('Advanced 0-10'!AB14:AB14*1,0)*'Advanced Entry'!AB$9:AB$9)/SUMPRODUCT(ISNUMBER('Advanced 0-10'!AB14:AB14)*'Advanced Entry'!AB$9:AB$9),1)) | L14: =IF(SUMPRODUCT(--ISNUMBER(D14:K14))=0,"",ROUND(SUMPRODUCT(IFERROR(D14:K14*1,0))/SUMPRODUCT(--ISNUMBER(D14:K14)),1))
A15: Arusha | B15: Meru District | C15: C010 | D15: =IF(SUMPRODUCT(ISNUMBER('Advanced 0-10'!D15:J15)*'Advanced Entry'!D$9:J$9)=0,"",ROUND(SUMPRODUCT(IFERROR('Advanced 0-10'!D15:J15*1,0)*'Advanced Entry'!D$9:J$9)/SUMPRODUCT(ISNUMBER('Advanced 0-10'!D15:J15)*'Advanced Entry'!D$9:J$9),1)) | E15: =IF(SUMPRODUCT(ISNUMBER('Advanced 0-10'!K15:O15)*'Advanced Entry'!K$9:O$9)=0,"",ROUND(SUMPRODUCT(IFERROR('Advanced 0-10'!K15:O15*1,0)*'Advanced Entry'!K$9:O$9)/SUMPRODUCT(ISNUMBER('Advanced 0-10'!K15:O15)*'Advanced Entry'!K$9:O$9),1)) | F15: =IF(SUMPRODUCT(ISNUMBER('Advanced 0-10'!P15:Q15)*'Advanced Entry'!P$9:Q$9)=0,"",ROUND(SUMPRODUCT(IFERROR('Advanced 0-10'!P15:Q15*1,0)*'Advanced Entry'!P$9:Q$9)/SUMPRODUCT(ISNUMBER('Advanced 0-10'!P15:Q15)*'Advanced Entry'!P$9:Q$9),1)) | G15: =IF(SUMPRODUCT(ISNUMBER('Advanced 0-10'!R15:S15)*'Advanced Entry'!R$9:S$9)=0,"",ROUND(SUMPRODUCT(IFERROR('Advanced 0-10'!R15:S15*1,0)*'Advanced Entry'!R$9:S$9)/SUMPRODUCT(ISNUMBER('Advanced 0-10'!R15:S15)*'Advanced Entry'!R$9:S$9),1)) | H15: =IF(SUMPRODUCT(ISNUMBER('Advanced 0-10'!T15:U15)*'Advanced Entry'!T$9:U$9)=0,"",ROUND(SUMPRODUCT(IFERROR('Advanced 0-10'!T15:U15*1,0)*'Advanced Entry'!T$9:U$9)/SUMPRODUCT(ISNUMBER('Advanced 0-10'!T15:U15)*'Advanced Entry'!T$9:U$9),1)) | I15: =IF(SUMPRODUCT(ISNUMBER('Advanced 0-10'!V15:Z15)*'Advanced Entry'!V$9:Z$9)=0,"",ROUND(SUMPRODUCT(IFERROR('Advanced 0-10'!V15:Z15*1,0)*'Advanced Entry'!V$9:Z$9)/SUMPRODUCT(ISNUMBER('Advanced 0-10'!V15:Z15)*'Advanced Entry'!V$9:Z$9),1)) | J15: =IF(SUMPRODUCT(ISNUMBER('Advanced 0-10'!AA15:AA15)*'Advanced Entry'!AA$9:AA$9)=0,"",ROUND(SUMPRODUCT(IFERROR('Advanced 0-10'!AA15:AA15*1,0)*'Advanced Entry'!AA$9:AA$9)/SUMPRODUCT(ISNUMBER('Advanced 0-10'!AA15:AA15)*'Advanced Entry'!AA$9:AA$9),1)) | K15: =IF(SUMPRODUCT(ISNUMBER('Advanced 0-10'!AB15:AB15)*'Advanced Entry'!AB$9:AB$9)=0,"",ROUND(SUMPRODUCT(IFERROR('Advanced 0-10'!AB15:AB15*1,0)*'Advanced Entry'!AB$9:AB$9)/SUMPRODUCT(ISNUMBER('Advanced 0-10'!AB15:AB15)*'Advanced Entry'!AB$9:AB$9),1)) | L15: =IF(SUMPRODUCT(--ISNUMBER(D15:K15))=0,"",ROUND(SUMPRODUCT(IFERROR(D15:K15*1,0))/SUMPRODUCT(--ISNUMBER(D15:K15)),1))
A16: Arusha | B16: Monduli District | C16: C009 | D16: =IF(SUMPRODUCT(ISNUMBER('Advanced 0-10'!D16:J16)*'Advanced Entry'!D$9:J$9)=0,"",ROUND(SUMPRODUCT(IFERROR('Advanced 0-10'!D16:J16*1,0)*'Advanced Entry'!D$9:J$9)/SUMPRODUCT(ISNUMBER('Advanced 0-10'!D16:J16)*'Advanced Entry'!D$9:J$9),1)) | E16: =IF(SUMPRODUCT(ISNUMBER('Advanced 0-10'!K16:O16)*'Advanced Entry'!K$9:O$9)=0,"",ROUND(SUMPRODUCT(IFERROR('Advanced 0-10'!K16:O16*1,0)*'Advanced Entry'!K$9:O$9)/SUMPRODUCT(ISNUMBER('Advanced 0-10'!K16:O16)*'Advanced Entry'!K$9:O$9),1)) | F16: =IF(SUMPRODUCT(ISNUMBER('Advanced 0-10'!P16:Q16)*'Advanced Entry'!P$9:Q$9)=0,"",ROUND(SUMPRODUCT(IFERROR('Advanced 0-10'!P16:Q16*1,0)*'Advanced Entry'!P$9:Q$9)/SUMPRODUCT(ISNUMBER('Advanced 0-10'!P16:Q16)*'Advanced Entry'!P$9:Q$9),1)) | G16: =IF(SUMPRODUCT(ISNUMBER('Advanced 0-10'!R16:S16)*'Advanced Entry'!R$9:S$9)=0,"",ROUND(SUMPRODUCT(IFERROR('Advanced 0-10'!R16:S16*1,0)*'Advanced Entry'!R$9:S$9)/SUMPRODUCT(ISNUMBER('Advanced 0-10'!R16:S16)*'Advanced Entry'!R$9:S$9),1)) | H16: =IF(SUMPRODUCT(ISNUMBER('Advanced 0-10'!T16:U16)*'Advanced Entry'!T$9:U$9)=0,"",ROUND(SUMPRODUCT(IFERROR('Advanced 0-10'!T16:U16*1,0)*'Advanced Entry'!T$9:U$9)/SUMPRODUCT(ISNUMBER('Advanced 0-10'!T16:U16)*'Advanced Entry'!T$9:U$9),1)) | I16: =IF(SUMPRODUCT(ISNUMBER('Advanced 0-10'!V16:Z16)*'Advanced Entry'!V$9:Z$9)=0,"",ROUND(SUMPRODUCT(IFERROR('Advanced 0-10'!V16:Z16*1,0)*'Advanced Entry'!V$9:Z$9)/SUMPRODUCT(ISNUMBER('Advanced 0-10'!V16:Z16)*'Advanced Entry'!V$9:Z$9),1)) | J16: =IF(SUMPRODUCT(ISNUMBER('Advanced 0-10'!AA16:AA16)*'Advanced Entry'!AA$9:AA$9)=0,"",ROUND(SUMPRODUCT(IFERROR('Advanced 0-10'!AA16:AA16*1,0)*'Advanced Entry'!AA$9:AA$9)/SUMPRODUCT(ISNUMBER('Advanced 0-10'!AA16:AA16)*'Advanced Entry'!AA$9:AA$9),1)) | K16: =IF(SUMPRODUCT(ISNUMBER('Advanced 0-10'!AB16:AB16)*'Advanced Entry'!AB$9:AB$9)=0,"",ROUND(SUMPRODUCT(IFERROR('Advanced 0-10'!AB16:AB16*1,0)*'Advanced Entry'!AB$9:AB$9)/SUMPRODUCT(ISNUMBER('Advanced 0-10'!AB16:AB16)*'Advanced Entry'!AB$9:AB$9),1)) | L16: =IF(SUMPRODUCT(--ISNUMBER(D16:K16))=0,"",ROUND(SUMPRODUCT(IFERROR(D16:K16*1,0))/SUMPRODUCT(--ISNUMBER(D16:K16)),1))
A17: Arusha | B17: Ngorongoro District | C17: C014 | D17: =IF(SUMPRODUCT(ISNUMBER('Advanced 0-10'!D17:J17)*'Advanced Entry'!D$9:J$9)=0,"",ROUND(SUMPRODUCT(IFERROR('Advanced 0-10'!D17:J17*1,0)*'Advanced Entry'!D$9:J$9)/SUMPRODUCT(ISNUMBER('Advanced 0-10'!D17:J17)*'Advanced Entry'!D$9:J$9),1)) | E17: =IF(SUMPRODUCT(ISNUMBER('Advanced 0-10'!K17:O17)*'Advanced Entry'!K$9:O$9)=0,"",ROUND(SUMPRODUCT(IFERROR('Advanced 0-10'!K17:O17*1,0)*'Advanced Entry'!K$9:O$9)/SUMPRODUCT(ISNUMBER('Advanced 0-10'!K17:O17)*'Advanced Entry'!K$9:O$9),1)) | F17: =IF(SUMPRODUCT(ISNUMBER('Advanced 0-10'!P17:Q17)*'Advanced Entry'!P$9:Q$9)=0,"",ROUND(SUMPRODUCT(IFERROR('Advanced 0-10'!P17:Q17*1,0)*'Advanced Entry'!P$9:Q$9)/SUMPRODUCT(ISNUMBER('Advanced 0-10'!P17:Q17)*'Advanced Entry'!P$9:Q$9),1)) | G17: =IF(SUMPRODUCT(ISNUMBER('Advanced 0-10'!R17:S17)*'Advanced Entry'!R$9:S$9)=0,"",ROUND(SUMPRODUCT(IFERROR('Advanced 0-10'!R17:S17*1,0)*'Advanced Entry'!R$9:S$9)/SUMPRODUCT(ISNUMBER('Advanced 0-10'!R17:S17)*'Advanced Entry'!R$9:S$9),1)) | H17: =IF(SUMPRODUCT(ISNUMBER('Advanced 0-10'!T17:U17)*'Advanced Entry'!T$9:U$9)=0,"",ROUND(SUMPRODUCT(IFERROR('Advanced 0-10'!T17:U17*1,0)*'Advanced Entry'!T$9:U$9)/SUMPRODUCT(ISNUMBER('Advanced 0-10'!T17:U17)*'Advanced Entry'!T$9:U$9),1)) | I17: =IF(SUMPRODUCT(ISNUMBER('Advanced 0-10'!V17:Z17)*'Advanced Entry'!V$9:Z$9)=0,"",ROUND(SUMPRODUCT(IFERROR('Advanced 0-10'!V17:Z17*1,0)*'Advanced Entry'!V$9:Z$9)/SUMPRODUCT(ISNUMBER('Advanced 0-10'!V17:Z17)*'Advanced Entry'!V$9:Z$9),1)) | J17: =IF(SUMPRODUCT(ISNUMBER('Advanced 0-10'!AA17:AA17)*'Advanced Entry'!AA$9:AA$9)=0,"",ROUND(SUMPRODUCT(IFERROR('Advanced 0-10'!AA17:AA17*1,0)*'Advanced Entry'!AA$9:AA$9)/SUMPRODUCT(ISNUMBER('Advanced 0-10'!AA17:AA17)*'Advanced Entry'!AA$9:AA$9),1)) | K17: =IF(SUMPRODUCT(ISNUMBER('Advanced 0-10'!AB17:AB17)*'Advanced Entry'!AB$9:AB$9)=0,"",ROUND(SUMPRODUCT(IFERROR('Advanced 0-10'!AB17:AB17*1,0)*'Advanced Entry'!AB$9:AB$9)/SUMPRODUCT(ISNUMBER('Advanced 0-10'!AB17:AB17)*'Advanced Entry'!AB$9:AB$9),1)) | L17: =IF(SUMPRODUCT(--ISNUMBER(D17:K17))=0,"",ROUND(SUMPRODUCT(IFERROR(D17:K17*1,0))/SUMPRODUCT(--ISNUMBER(D17:K17)),1))
A18: Dar es Salaam | B18: Dar Es Salaam City | C18: C053 | D18: =IF(SUMPRODUCT(ISNUMBER('Advanced 0-10'!D18:J18)*'Advanced Entry'!D$9:J$9)=0,"",ROUND(SUMPRODUCT(IFERROR('Advanced 0-10'!D18:J18*1,0)*'Advanced Entry'!D$9:J$9)/SUMPRODUCT(ISNUMBER('Advanced 0-10'!D18:J18)*'Advanced Entry'!D$9:J$9),1)) | E18: =IF(SUMPRODUCT(ISNUMBER('Advanced 0-10'!K18:O18)*'Advanced Entry'!K$9:O$9)=0,"",ROUND(SUMPRODUCT(IFERROR('Advanced 0-10'!K18:O18*1,0)*'Advanced Entry'!K$9:O$9)/SUMPRODUCT(ISNUMBER('Advanced 0-10'!K18:O18)*'Advanced Entry'!K$9:O$9),1)) | F18: =IF(SUMPRODUCT(ISNUMBER('Advanced 0-10'!P18:Q18)*'Advanced Entry'!P$9:Q$9)=0,"",ROUND(SUMPRODUCT(IFERROR('Advanced 0-10'!P18:Q18*1,0)*'Advanced Entry'!P$9:Q$9)/SUMPRODUCT(ISNUMBER('Advanced 0-10'!P18:Q18)*'Advanced Entry'!P$9:Q$9),1)) | G18: =IF(SUMPRODUCT(ISNUMBER('Advanced 0-10'!R18:S18)*'Advanced Entry'!R$9:S$9)=0,"",ROUND(SUMPRODUCT(IFERROR('Advanced 0-10'!R18:S18*1,0)*'Advanced Entry'!R$9:S$9)/SUMPRODUCT(ISNUMBER('Advanced 0-10'!R18:S18)*'Advanced Entry'!R$9:S$9),1)) | H18: =IF(SUMPRODUCT(ISNUMBER('Advanced 0-10'!T18:U18)*'Advanced Entry'!T$9:U$9)=0,"",ROUND(SUMPRODUCT(IFERROR('Advanced 0-10'!T18:U18*1,0)*'Advanced Entry'!T$9:U$9)/SUMPRODUCT(ISNUMBER('Advanced 0-10'!T18:U18)*'Advanced Entry'!T$9:U$9),1)) | I18: =IF(SUMPRODUCT(ISNUMBER('Advanced 0-10'!V18:Z18)*'Advanced Entry'!V$9:Z$9)=0,"",ROUND(SUMPRODUCT(IFERROR('Advanced 0-10'!V18:Z18*1,0)*'Advanced Entry'!V$9:Z$9)/SUMPRODUCT(ISNUMBER('Advanced 0-10'!V18:Z18)*'Advanced Entry'!V$9:Z$9),1)) | J18: =IF(SUMPRODUCT(ISNUMBER('Advanced 0-10'!AA18:AA18)*'Advanced Entry'!AA$9:AA$9)=0,"",ROUND(SUMPRODUCT(IFERROR('Advanced 0-10'!AA18:AA18*1,0)*'Advanced Entry'!AA$9:AA$9)/SUMPRODUCT(ISNUMBER('Advanced 0-10'!AA18:AA18)*'Advanced Entry'!AA$9:AA$9),1)) | K18: =IF(SUMPRODUCT(ISNUMBER('Advanced 0-10'!AB18:AB18)*'Advanced Entry'!AB$9:AB$9)=0,"",ROUND(SUMPRODUCT(IFERROR('Advanced 0-10'!AB18:AB18*1,0)*'Advanced Entry'!AB$9:AB$9)/SUMPRODUCT(ISNUMBER('Advanced 0-10'!AB18:AB18)*'Advanced Entry'!AB$9:AB$9),1)) | L18: =IF(SUMPRODUCT(--ISNUMBER(D18:K18))=0,"",ROUND(SUMPRODUCT(IFERROR(D18:K18*1,0))/SUMPRODUCT(--ISNUMBER(D18:K18)),1))
A19: Dar es Salaam | B19: Kigamboni Municipal | C19: C055 | D19: =IF(SUMPRODUCT(ISNUMBER('Advanced 0-10'!D19:J19)*'Advanced Entry'!D$9:J$9)=0,"",ROUND(SUMPRODUCT(IFERROR('Advanced 0-10'!D19:J19*1,0)*'Advanced Entry'!D$9:J$9)/SUMPRODUCT(ISNUMBER('Advanced 0-10'!D19:J19)*'Advanced Entry'!D$9:J$9),1)) | E19: =IF(SUMPRODUCT(ISNUMBER('Advanced 0-10'!K19:O19)*'Advanced Entry'!K$9:O$9)=0,"",ROUND(SUMPRODUCT(IFERROR('Advanced 0-10'!K19:O19*1,0)*'Advanced Entry'!K$9:O$9)/SUMPRODUCT(ISNUMBER('Advanced 0-10'!K19:O19)*'Advanced Entry'!K$9:O$9),1)) | F19: =IF(SUMPRODUCT(ISNUMBER('Advanced 0-10'!P19:Q19)*'Advanced Entry'!P$9:Q$9)=0,"",ROUND(SUMPRODUCT(IFERROR('Advanced 0-10'!P19:Q19*1,0)*'Advanced Entry'!P$9:Q$9)/SUMPRODUCT(ISNUMBER('Advanced 0-10'!P19:Q19)*'Advanced Entry'!P$9:Q$9),1)) | G19: =IF(SUMPRODUCT(ISNUMBER('Advanced 0-10'!R19:S19)*'Advanced Entry'!R$9:S$9)=0,"",ROUND(SUMPRODUCT(IFERROR('Advanced 0-10'!R19:S19*1,0)*'Advanced Entry'!R$9:S$9)/SUMPRODUCT(ISNUMBER('Advanced 0-10'!R19:S19)*'Advanced Entry'!R$9:S$9),1)) | H19: =IF(SUMPRODUCT(ISNUMBER('Advanced 0-10'!T19:U19)*'Advanced Entry'!T$9:U$9)=0,"",ROUND(SUMPRODUCT(IFERROR('Advanced 0-10'!T19:U19*1,0)*'Advanced Entry'!T$9:U$9)/SUMPRODUCT(ISNUMBER('Advanced 0-10'!T19:U19)*'Advanced Entry'!T$9:U$9),1)) | I19: =IF(SUMPRODUCT(ISNUMBER('Advanced 0-10'!V19:Z19)*'Advanced Entry'!V$9:Z$9)=0,"",ROUND(SUMPRODUCT(IFERROR('Advanced 0-10'!V19:Z19*1,0)*'Advanced Entry'!V$9:Z$9)/SUMPRODUCT(ISNUMBER('Advanced 0-10'!V19:Z19)*'Advanced Entry'!V$9:Z$9),1)) | J19: =IF(SUMPRODUCT(ISNUMBER('Advanced 0-10'!AA19:AA19)*'Advanced Entry'!AA$9:AA$9)=0,"",ROUND(SUMPRODUCT(IFERROR('Advanced 0-10'!AA19:AA19*1,0)*'Advanced Entry'!AA$9:AA$9)/SUMPRODUCT(ISNUMBER('Advanced 0-10'!AA19:AA19)*'Advanced Entry'!AA$9:AA$9),1)) | K19: =IF(SUMPRODUCT(ISNUMBER('Advanced 0-10'!AB19:AB19)*'Advanced Entry'!AB$9:AB$9)=0,"",ROUND(SUMPRODUCT(IFERROR('Advanced 0-10'!AB19:AB19*1,0)*'Advanced Entry'!AB$9:AB$9)/SUMPRODUCT(ISNUMBER('Advanced 0-10'!AB19:AB19)*'Advanced Entry'!AB$9:AB$9),1)) | L19: =IF(SUMPRODUCT(--ISNUMBER(D19:K19))=0,"",ROUND(SUMPRODUCT(IFERROR(D19:K19*1,0))/SUMPRODUCT(--ISNUMBER(D19:K19)),1))
A20: Dar es Salaam | B20: Kinondoni Municipal | C20: C052 | D20: =IF(SUMPRODUCT(ISNUMBER('Advanced 0-10'!D20:J20)*'Advanced Entry'!D$9:J$9)=0,"",ROUND(SUMPRODUCT(IFERROR('Advanced 0-10'!D20:J20*1,0)*'Advanced Entry'!D$9:J$9)/SUMPRODUCT(ISNUMBER('Advanced 0-10'!D20:J20)*'Advanced Entry'!D$9:J$9),1)) | E20: =IF(SUMPRODUCT(ISNUMBER('Advanced 0-10'!K20:O20)*'Advanced Entry'!K$9:O$9)=0,"",ROUND(SUMPRODUCT(IFERROR('Advanced 0-10'!K20:O20*1,0)*'Advanced Entry'!K$9:O$9)/SUMPRODUCT(ISNUMBER('Advanced 0-10'!K20:O20)*'Advanced Entry'!K$9:O$9),1)) | F20: =IF(SUMPRODUCT(ISNUMBER('Advanced 0-10'!P20:Q20)*'Advanced Entry'!P$9:Q$9)=0,"",ROUND(SUMPRODUCT(IFERROR('Advanced 0-10'!P20:Q20*1,0)*'Advanced Entry'!P$9:Q$9)/SUMPRODUCT(ISNUMBER('Advanced 0-10'!P20:Q20)*'Advanced Entry'!P$9:Q$9),1)) | G20: =IF(SUMPRODUCT(ISNUMBER('Advanced 0-10'!R20:S20)*'Advanced Entry'!R$9:S$9)=0,"",ROUND(SUMPRODUCT(IFERROR('Advanced 0-10'!R20:S20*1,0)*'Advanced Entry'!R$9:S$9)/SUMPRODUCT(ISNUMBER('Advanced 0-10'!R20:S20)*'Advanced Entry'!R$9:S$9),1)) | H20: =IF(SUMPRODUCT(ISNUMBER('Advanced 0-10'!T20:U20)*'Advanced Entry'!T$9:U$9)=0,"",ROUND(SUMPRODUCT(IFERROR('Advanced 0-10'!T20:U20*1,0)*'Advanced Entry'!T$9:U$9)/SUMPRODUCT(ISNUMBER('Advanced 0-10'!T20:U20)*'Advanced Entry'!T$9:U$9),1)) | I20: =IF(SUMPRODUCT(ISNUMBER('Advanced 0-10'!V20:Z20)*'Advanced Entry'!V$9:Z$9)=0,"",ROUND(SUMPRODUCT(IFERROR('Advanced 0-10'!V20:Z20*1,0)*'Advanced Entry'!V$9:Z$9)/SUMPRODUCT(ISNUMBER('Advanced 0-10'!V20:Z20)*'Advanced Entry'!V$9:Z$9),1)) | J20: =IF(SUMPRODUCT(ISNUMBER('Advanced 0-10'!AA20:AA20)*'Advanced Entry'!AA$9:AA$9)=0,"",ROUND(SUMPRODUCT(IFERROR('Advanced 0-10'!AA20:AA20*1,0)*'Advanced Entry'!AA$9:AA$9)/SUMPRODUCT(ISNUMBER('Advanced 0-10'!AA20:AA20)*'Advanced Entry'!AA$9:AA$9),1)) | K20: =IF(SUMPRODUCT(ISNUMBER('Advanced 0-10'!AB20:AB20)*'Advanced Entry'!AB$9:AB$9)=0,"",ROUND(SUMPRODUCT(IFERROR('Advanced 0-10'!AB20:AB20*1,0)*'Advanced Entry'!AB$9:AB$9)/SUMPRODUCT(ISNUMBER('Advanced 0-10'!AB20:AB20)*'Advanced Entry'!AB$9:AB$9),1)) | L20: =IF(SUMPRODUCT(--ISNUMBER(D20:K20))=0,"",ROUND(SUMPRODUCT(IFERROR(D20:K20*1,0))/SUMPRODUCT(--ISNUMBER(D20:K20)),1))
A21: Dar es Salaam | B21: Temeke Municipal | C21: C054 | D21: =IF(SUMPRODUCT(ISNUMBER('Advanced 0-10'!D21:J21)*'Advanced Entry'!D$9:J$9)=0,"",ROUND(SUMPRODUCT(IFERROR('Advanced 0-10'!D21:J21*1,0)*'Advanced Entry'!D$9:J$9)/SUMPRODUCT(ISNUMBER('Advanced 0-10'!D21:J21)*'Advanced Entry'!D$9:J$9),1)) | E21: =IF(SUMPRODUCT(ISNUMBER('Advanced 0-10'!K21:O21)*'Advanced Entry'!K$9:O$9)=0,"",ROUND(SUMPRODUCT(IFERROR('Advanced 0-10'!K21:O21*1,0)*'Advanced Entry'!K$9:O$9)/SUMPRODUCT(ISNUMBER('Advanced 0-10'!K21:O21)*'Advanced Entry'!K$9:O$9),1)) | F21: =IF(SUMPRODUCT(ISNUMBER('Advanced 0-10'!P21:Q21)*'Advanced Entry'!P$9:Q$9)=0,"",ROUND(SUMPRODUCT(IFERROR('Advanced 0-10'!P21:Q21*1,0)*'Advanced Entry'!P$9:Q$9)/SUMPRODUCT(ISNUMBER('Advanced 0-10'!P21:Q21)*'Advanced Entry'!P$9:Q$9),1)) | G21: =IF(SUMPRODUCT(ISNUMBER('Advanced 0-10'!R21:S21)*'Advanced Entry'!R$9:S$9)=0,"",ROUND(SUMPRODUCT(IFERROR('Advanced 0-10'!R21:S21*1,0)*'Advanced Entry'!R$9:S$9)/SUMPRODUCT(ISNUMBER('Advanced 0-10'!R21:S21)*'Advanced Entry'!R$9:S$9),1)) | H21: =IF(SUMPRODUCT(ISNUMBER('Advanced 0-10'!T21:U21)*'Advanced Entry'!T$9:U$9)=0,"",ROUND(SUMPRODUCT(IFERROR('Advanced 0-10'!T21:U21*1,0)*'Advanced Entry'!T$9:U$9)/SUMPRODUCT(ISNUMBER('Advanced 0-10'!T21:U21)*'Advanced Entry'!T$9:U$9),1)) | I21: =IF(SUMPRODUCT(ISNUMBER('Advanced 0-10'!V21:Z21)*'Advanced Entry'!V$9:Z$9)=0,"",ROUND(SUMPRODUCT(IFERROR('Advanced 0-10'!V21:Z21*1,0)*'Advanced Entry'!V$9:Z$9)/SUMPRODUCT(ISNUMBER('Advanced 0-10'!V21:Z21)*'Advanced Entry'!V$9:Z$9),1)) | J21: =IF(SUMPRODUCT(ISNUMBER('Advanced 0-10'!AA21:AA21)*'Advanced Entry'!AA$9:AA$9)=0,"",ROUND(SUMPRODUCT(IFERROR('Advanced 0-10'!AA21:AA21*1,0)*'Advanced Entry'!AA$9:AA$9)/SUMPRODUCT(ISNUMBER('Advanced 0-10'!AA21:AA21)*'Advanced Entry'!AA$9:AA$9),1)) | K21: =IF(SUMPRODUCT(ISNUMBER('Advanced 0-10'!AB21:AB21)*'Advanced Entry'!AB$9:AB$9)=0,"",ROUND(SUMPRODUCT(IFERROR('Advanced 0-10'!AB21:AB21*1,0)*'Advanced Entry'!AB$9:AB$9)/SUMPRODUCT(ISNUMBER('Advanced 0-10'!AB21:AB21)*'Advanced Entry'!AB$9:AB$9),1)) | L21: =IF(SUMPRODUCT(--ISNUMBER(D21:K21))=0,"",ROUND(SUMPRODUCT(IFERROR(D21:K21*1,0))/SUMPRODUCT(--ISNUMBER(D21:K21)),1))
A22: Dar es Salaam | B22: Ubungo Municipal | C22: C056 | D22: =IF(SUMPRODUCT(ISNUMBER('Advanced 0-10'!D22:J22)*'Advanced Entry'!D$9:J$9)=0,"",ROUND(SUMPRODUCT(IFERROR('Advanced 0-10'!D22:J22*1,0)*'Advanced Entry'!D$9:J$9)/SUMPRODUCT(ISNUMBER('Advanced 0-10'!D22:J22)*'Advanced Entry'!D$9:J$9),1)) | E22: =IF(SUMPRODUCT(ISNUMBER('Advanced 0-10'!K22:O22)*'Advanced Entry'!K$9:O$9)=0,"",ROUND(SUMPRODUCT(IFERROR('Advanced 0-10'!K22:O22*1,0)*'Advanced Entry'!K$9:O$9)/SUMPRODUCT(ISNUMBER('Advanced 0-10'!K22:O22)*'Advanced Entry'!K$9:O$9),1)) | F22: =IF(SUMPRODUCT(ISNUMBER('Advanced 0-10'!P22:Q22)*'Advanced Entry'!P$9:Q$9)=0,"",ROUND(SUMPRODUCT(IFERROR('Advanced 0-10'!P22:Q22*1,0)*'Advanced Entry'!P$9:Q$9)/SUMPRODUCT(ISNUMBER('Advanced 0-10'!P22:Q22)*'Advanced Entry'!P$9:Q$9),1)) | G22: =IF(SUMPRODUCT(ISNUMBER('Advanced 0-10'!R22:S22)*'Advanced Entry'!R$9:S$9)=0,"",ROUND(SUMPRODUCT(IFERROR('Advanced 0-10'!R22:S22*1,0)*'Advanced Entry'!R$9:S$9)/SUMPRODUCT(ISNUMBER('Advanced 0-10'!R22:S22)*'Advanced Entry'!R$9:S$9),1)) | H22: =IF(SUMPRODUCT(ISNUMBER('Advanced 0-10'!T22:U22)*'Advanced Entry'!T$9:U$9)=0,"",ROUND(SUMPRODUCT(IFERROR('Advanced 0-10'!T22:U22*1,0)*'Advanced Entry'!T$9:U$9)/SUMPRODUCT(ISNUMBER('Advanced 0-10'!T22:U22)*'Advanced Entry'!T$9:U$9),1)) | I22: =IF(SUMPRODUCT(ISNUMBER('Advanced 0-10'!V22:Z22)*'Advanced Entry'!V$9:Z$9)=0,"",ROUND(SUMPRODUCT(IFERROR('Advanced 0-10'!V22:Z22*1,0)*'Advanced Entry'!V$9:Z$9)/SUMPRODUCT(ISNUMBER('Advanced 0-10'!V22:Z22)*'Advanced Entry'!V$9:Z$9),1)) | J22: =IF(SUMPRODUCT(ISNUMBER('Advanced 0-10'!AA22:AA22)*'Advanced Entry'!AA$9:AA$9)=0,"",ROUND(SUMPRODUCT(IFERROR('Advanced 0-10'!AA22:AA22*1,0)*'Advanced Entry'!AA$9:AA$9)/SUMPRODUCT(ISNUMBER('Advanced 0-10'!AA22:AA22)*'Advanced Entry'!AA$9:AA$9),1)) | K22: =IF(SUMPRODUCT(ISNUMBER('Advanced 0-10'!AB22:AB22)*'Advanced Entry'!AB$9:AB$9)=0,"",ROUND(SUMPRODUCT(IFERROR('Advanced 0-10'!AB22:AB22*1,0)*'Advanced Entry'!AB$9:AB$9)/SUMPRODUCT(ISNUMBER('Advanced 0-10'!AB22:AB22)*'Advanced Entry'!AB$9:AB$9),1)) | L22: =IF(SUMPRODUCT(--ISNUMBER(D22:K22))=0,"",ROUND(SUMPRODUCT(IFERROR(D22:K22*1,0))/SUMPRODUCT(--ISNUMBER(D22:K22)),1))
... A205: Tanga | B205: Tanga City | C205: C028 | D205: =IF(SUMPRODUCT(ISNUMBER('Advanced 0-10'!D205:J205)*'Advanced Entry'!D$9:J$9)=0,"",ROUND(SUMPRODUCT(IFERROR('Advanced 0-10'!D205:J205*1,0)*'Advanced Entry'!D$9:J$9)/SUMPRODUCT(ISNUMBER('Advanced 0-10'!D205:J205)*'Advanced Entry'!D$9:J$9),1)) | E205: =IF(SUMPRODUCT(ISNUMBER('Advanced 0-10'!K205:O205)*'Advanced Entry'!K$9:O$9)=0,"",ROUND(SUMPRODUCT(IFERROR('Advanced 0-10'!K205:O205*1,0)*'Advanced Entry'!K$9:O$9)/SUMPRODUCT(ISNUMBER('Advanced 0-10'!K205:O205)*'Advanced Entry'!K$9:O$9),1)) | F205: =IF(SUMPRODUCT(ISNUMBER('Advanced 0-10'!P205:Q205)*'Advanced Entry'!P$9:Q$9)=0,"",ROUND(SUMPRODUCT(IFERROR('Advanced 0-10'!P205:Q205*1,0)*'Advanced Entry'!P$9:Q$9)/SUMPRODUCT(ISNUMBER('Advanced 0-10'!P205:Q205)*'Advanced Entry'!P$9:Q$9),1)) | G205: =IF(SUMPRODUCT(ISNUMBER('Advanced 0-10'!R205:S205)*'Advanced Entry'!R$9:S$9)=0,"",ROUND(SUMPRODUCT(IFERROR('Advanced 0-10'!R205:S205*1,0)*'Advanced Entry'!R$9:S$9)/SUMPRODUCT(ISNUMBER('Advanced 0-10'!R205:S205)*'Advanced Entry'!R$9:S$9),1)) | H205: =IF(SUMPRODUCT(ISNUMBER('Advanced 0-10'!T205:U205)*'Advanced Entry'!T$9:U$9)=0,"",ROUND(SUMPRODUCT(IFERROR('Advanced 0-10'!T205:U205*1,0)*'Advanced Entry'!T$9:U$9)/SUMPRODUCT(ISNUMBER('Advanced 0-10'!T205:U205)*'Advanced Entry'!T$9:U$9),1)) | I205: =IF(SUMPRODUCT(ISNUMBER('Advanced 0-10'!V205:Z205)*'Advanced Entry'!V$9:Z$9)=0,"",ROUND(SUMPRODUCT(IFERROR('Advanced 0-10'!V205:Z205*1,0)*'Advanced Entry'!V$9:Z$9)/SUMPRODUCT(ISNUMBER('Advanced 0-10'!V205:Z205)*'Advanced Entry'!V$9:Z$9),1)) | J205: =IF(SUMPRODUCT(ISNUMBER('Advanced 0-10'!AA205:AA205)*'Advanced Entry'!AA$9:AA$9)=0,"",ROUND(SUMPRODUCT(IFERROR('Advanced 0-10'!AA205:AA205*1,0)*'Advanced Entry'!AA$9:AA$9)/SUMPRODUCT(ISNUMBER('Advanced 0-10'!AA205:AA205)*'Advanced Entry'!AA$9:AA$9),1)) | K205: =IF(SUMPRODUCT(ISNUMBER('Advanced 0-10'!AB205:AB205)*'Advanced Entry'!AB$9:AB$9)=0,"",ROUND(SUMPRODUCT(IFERROR('Advanced 0-10'!AB205:AB205*1,0)*'Advanced Entry'!AB$9:AB$9)/SUMPRODUCT(ISNUMBER('Advanced 0-10'!AB205:AB205)*'Advanced Entry'!AB$9:AB$9),1)) | L205: =IF(SUMPRODUCT(--ISNUMBER(D205:K205))=0,"",ROUND(SUMPRODUCT(IFERROR(D205:K205*1,0))/SUMPRODUCT(--ISNUMBER(D205:K205)),1))
